Position;Domain;Url
1;www.teamefcoaching.com;https://www.teamefcoaching.com/
2;www.britishcycling.org.uk;https://www.britishcycling.org.uk/coaching
3;www.mattbottrillperformancecoaching.com;https://www.mattbottrillperformancecoaching.com/
4;www.lboro.ac.uk;https://www.lboro.ac.uk/sport/support-services/cycling-coaching-offer/
5;www.procyclingcoaching.com;https://www.procyclingcoaching.com/
6;nationalcareers.service.gov.uk;https://nationalcareers.service.gov.uk/job-profiles/cycling-coach
7;scottishcycling.org.uk;https://scottishcycling.org.uk/get-involved/coaching-and-leading/
8;www.riderevolution.co.uk;https://www.riderevolution.co.uk/
9;www.trainingpeaks.com;https://www.trainingpeaks.com/blog/do-you-need-a-cycling-coach/
10;www.racelinecoaching.co.uk;https://www.racelinecoaching.co.uk/
11;www.britishcycling.org.uk;https://www.britishcycling.org.uk/coachingdirectory?&filter%5Bcoach%5D%5Btype%5D=Track&filter%5Bcoach%5D%5Bdistance%5D=15&filter%5Bcoach%5D%5Bpostcode%5D=&filter%5Bcoach%5D%5Bresult_type%5D=list&page=5
12;roweandking.com;https://roweandking.com/cycling-coaching-packages/
