Keyword;Position;Search Volume;Url;Previous Position;Keyword Difficulty
coaching road;18;2900;https://roadmancycling.com/compare/cycling-coach-vs-trainerroad;18;13.00
cycling coaching;54;590;https://roadmancycling.com/coaching/uk;54;41.00
cycling coaching;29;590;https://roadmancycling.com/coaching;29;41.00
cycling coach;79;260;https://roadmancycling.com/coaching/uk;79;40.00
cycling coach;67;260;https://roadmancycling.com/coaching;67;40.00
cycling coach;32;260;https://roadmancycling.com/topics/cycling-coaching;32;40.00
cycling coach;18;260;https://roadmancycling.com/blog/best-cycling-coach-uk;18;40.00
online cycling coaching;74;110;https://roadmancycling.com/coaching/uk;74;32.00
online cycling coaching;55;110;https://roadmancycling.com/coaching;55;32.00
online cycling coaching;16;110;https://roadmancycling.com/topics/cycling-coaching;16;32.00
online cycling coaching;2;110;https://roadmancycling.com/blog/best-online-cycling-coach-how-to-choose;2;32.00

