pubDate,duration,title,guid
2026-06-09,00:10:35,"Pogacar & Vingegaard's Form, Fitness, Fatigue - How You Can Do The Perfect Taper Like World Tour Riders",afbbfcfe-5293-47c6-bda1-d9344b764f0e
2026-06-03,01:38:22,"Inside Cycling Ireland: Crisis, Reform and the Road Ahead With CEO James Quilligan",a10b3aa1-4f88-46b6-a51a-f5548815d74e
2026-06-02,01:07:05,"What It Takes To Win Ireland’s Hardest Bike Race",e0af0661-d867-4939-84d0-3167693cb7d0
2026-05-29,01:21:17,"Gravel, Grit and the Economics of Modern Cycling With Joe Laverick",43470f10-a84e-4580-aee8-08716ceb9e01
2026-05-25,00:19:29,"The Festina Affair: The Doping Scandal That Changed Sport Forever",e23c6031-b26f-4bd4-b591-b53d7e6dabb2
2026-05-19,00:38:16,"Giro d'Italia Rest Day Confessions with Team Pinarello–Q36.5 Rider - Chris Harper",fb48a01d-72ed-4c80-8043-0ace470a46f2
2026-05-18,00:43:50,"Ben Wiggins Isn’t Trying to Be Bradley Wiggins — Here’s Why",b27b3b40-6ab3-444e-b66b-de9c61b23f94
2026-05-04,00:53:02,"The Science Of Getting Faster After 40 With Dr. Andy Galpin",8fa14b38-b02a-4cdd-8be0-75ad71e65fe3
2026-04-27,01:20:43,"Behind the Scenes of Women’s Cycling: Power, Pressure & Silence With Maggie Coles-Lyster",db900a92-e0ca-43fa-8793-e6eb97b10d3c
2026-04-23,01:22:52,"When Bike Racing Turned Violent: Ireland’s Hidden Cycling War With Mick Cussack",a5757bee-1a82-4e1a-b451-3cb0bb2c842d
2026-04-15,00:52:31,"The 5 Recipes Every Cyclist Needs to Know With Alan Murchison",11119a12-3add-48e3-b256-ce68274662ad
2026-04-13,00:16:00,"This New Study Blew My Mind - Strength Training For Cyclists",f3439195-f638-4ce4-a88d-024fda777d03
2026-04-07,00:23:05,"Saddle Pain Isn’t Normal: What Every Cyclist Needs to Know",eea8cfa6-3282-4ae6-8189-e7c7117aec47
2026-03-24,00:18:23,"The 1% Lie? Inside Team Sky’s Rise",b109ae00-22a2-4b9a-8e90-c0f97c09dc5c
2026-03-16,00:14:26,"Fake Bikes, Dirty Supplements, and the $1.4B Bike Theft Industry",32f956c9-85f7-44bd-974c-ae831275cff4
2026-03-12,01:01:13,"Inside Modern Adventure: Alex Howes on Building America’s New Pro Team",de38dbee-7d4f-45ef-ad98-8857fdbca13a
2026-03-09,00:38:54,"The Athlete’s Guide to Better Sleep & Faster Recovery With Harry Gestetner",a9ea30ca-78d0-4820-99b1-3736730d5986
2026-03-02,00:18:10,"Heat Training Made Simple: VO₂ Max, Cooling & Performance",5d48aef8-f42a-4ad9-bff3-f0bc6da08b40
2026-02-18,00:19:36,"I Lost 7kg Eating More (And Got Faster on the Bike)",5bb0eea2-92f8-4073-ba43-131554c5ca4b
2026-02-16,00:14:40,"Beyond Watts and Numbers: The Part of the Ride You’re Missing",49f2f4ef-041c-4579-ad45-c63efbb82e5e
2026-02-10,00:19:04,"The Smart Way to Use Caffeine For Training & Race Day",27bcdb0e-d10e-495b-a3f0-393b5790acf5
2026-01-31,00:20:40,"The Fastest Way to Improve Bike Handling",f57cac1b-92ae-4244-b68e-962a864143eb
2026-01-19,00:17:33,"“Send It” Culture vs Real Control - The Most Dangerous Thing in Cycling",78367adc-2c3f-4c07-96a1-3a7ebf816ea1
2026-01-16,00:33:05,"The Fixable Winter Training Mistake I See Most Riders Make",ce90c01d-b480-4d2c-8cca-a7f53d873cfa
2026-01-11,00:22:06,"3 Fixable Reasons Cyclists Don't Hit Their Goals",f7e88a51-ccdc-4f18-a982-8d8648588de8
2026-01-03,00:29:43,"You CAN Do Hard Things - Striving For Big Goals In 2026",3f453bfb-1df2-4e46-ab83-160e348055b9
2026-01-01,01:09:12,"Gravel Is Going Pro: Mads Würtz Schmidt on the Sport’s New Reality",12c0f480-bf50-4d75-95c5-17d90ebbf954
2025-12-31,00:21:12,"Not Done Yet: A New Year Reset for the Season Ahead",ec789668-920c-47a7-a9d6-205b997aa7c4
2025-12-30,00:42:56,"5 Tips To Speed Up Your Metabolism With Expert Angelo Poli",96015815-28de-42e9-9c15-309ea8988980
2025-12-29,00:56:03,"I Asked A Brain Training Scientist How To Win Races - Here’s What He Said",ccef7840-7a06-49d2-b631-a4e525947e38
2025-12-15,00:16:37,"How Big Goals Build Discipline With Sarah",b5bd0e22-bd07-4e91-9767-ac498def16ee
2025-12-05,00:55:57,"Carbon Done Differently: Parlee’s Tech Deep Dive with Tom Rodi",dcf7632a-a910-4f63-9bbc-6a792e64d549
2025-11-20,01:11:00,"Old Soul, New Tech: Castelli’s Blend of History and Innovation With Steve Smith",76600506-d7ac-468a-931e-1b6d04bbefeb
2025-11-12,00:19:43,"I'm Finally Dialled Back In On My Training - The Why",8ea72a49-582b-4c9d-8cbb-64b424084eda
2025-11-03,01:01:14,"Work, Family, Sport: Dr David Lipman’s Blueprint for Amateur Excellence",4b3c309b-d351-4e2f-a048-e9491261850c
2025-10-29,00:19:43,"What It’s Really Like to Travel Pro Cycling Team Visma Lease A Bike",d034d84b-d67c-45d1-9d62-0d3a01cbb63d
2025-10-24,00:25:24,"Amateur Cyclist Andrew Feather On How He Beat Pogacar!",e076d34f-c0e8-423b-b3a0-826bf79ae7fa
2025-10-22,00:37:01,"The Reality of Raising a Champion With Chris O'Callaghan",aceed0da-4eef-4209-9798-8a2754934bb4
2025-10-15,00:14:34,"The Dark Secret Behind Pain Killer Use In Pro Cycling",66b2ab73-de5c-406c-9bac-ceee4c628909
2025-10-03,00:42:35,"Train Like a Pro This Winter With UNO X Jonas Abrahamsen",86100880-72bf-431d-8042-cc743f96ff55
2025-10-01,00:28:13,"150kms Of King Sean Kelly's Famous Training Roads - Sarah & Anthony Survived!",4d0eb6bd-67a4-4d5f-99cd-12f320419c05
2025-09-21,00:43:14,"How To Grow As An Athlete & A Person With Ultraman World Champ Iñaki de la Parra",64981e43-132b-40bb-b914-554e42086913
2025-09-17,00:13:34,"The 3 Things Pogacar ALWAYS Does After He Races",d6980459-bb83-470b-81a4-8dc37fb7bfa5
2025-09-15,00:39:00,"WorldTour Riders Are Drinking This Before Races — Does It Work?",0a4395ba-8aad-4c27-937d-9c8a6632b6c9
2025-09-10,00:26:17,"I Was Close To Quitting - Badlands Recap",cb4fc51d-aa31-43f9-956e-119e9fada550
2025-09-04,00:40:39,"Training, Kit & Insights From Unbound Winner Cameron Jones",e0118206-16d3-49bf-990b-e68058759f96
2025-09-01,00:17:34,"CYCLING WARS: TREK v. LEMOND — Who Gets to Tell the Story?",d96bc9cc-8a39-4d3f-adb4-443d6a9a151f
2025-08-30,00:14:39,"I Was Totally Wrong About Sportive Races (& Why You Should Do One)",cc21c10e-c0c5-4291-9b15-0864eb7e6f14
2025-08-27,00:47:36,"Strategy, Fuelling & Mindset To Achieve New FTK Records With Hannah Otto",20f6306d-1167-45a2-8ab1-3accd03369b7
2025-08-22,00:27:54,"Alex Wild - Leadville! The Craziest Race Of The Year",bd485f0f-923b-4443-ba07-0133370c6d6f
2025-08-19,00:16:44,"Bikepacking for Badlands: The Gear Test Ride With Sarah",b4cfa9c3-14cb-404f-a24d-c9c7d770b7b8
2025-08-18,01:30:19,"The Training Secrets That Separate Pros from Amateurs Stephen Barrett AG2R Decathlon",70a8f35e-faf3-4924-81ed-816b2ccbaf71
2025-08-16,00:49:41,"How to Keep Your VO₂ Max High After 40 With Andrew Talansky",234c99e3-d9ed-4acf-a7a1-1a9713b8ad4c
2025-08-15,00:52:33,"The 5 Things I Wish I Knew Before My Pro Career - Mads Würtz Schmidt",028da8ad-8f10-4e28-9fdc-382cb8977cc0
2025-08-08,00:53:08,"Rebecca Rusch - The Queen Of Pain & Legendary Bull Athlete",e31a497c-87d5-42c7-a342-b5a697e4a5a3
2025-08-06,00:52:53,"How to Train Smarter with Less Time With Joe Friel",335530fa-00cd-40d0-b427-87573ef18006
2025-07-30,00:25:04,"How Motorbikes Are Changing Cycling Race Results",22072298-0351-4cde-b025-b279792e484c
2025-07-16,00:16:11,"Ben Healy’s INSANE Fuelling Strategy Explained",6f1296b5-bbb7-4373-b132-35d294736a4d
2025-07-02,00:21:07,"The €8 Million Netflix Disaster Cyclists Hated",a23ed028-c8de-4aa5-b735-7c5fea825e94
2025-06-20,00:30:38,"The 5 Big Mistakes You Are Probably Making (Even As An Experienced Cyclist)",5801f847-4af7-4e73-a5d9-075464190615
2025-06-16,00:43:39,"You’re Training Too Hard (And It’s Slowing You Down) With Jayco Alula Coach Dr. Christian Schrot",d21944ce-fd81-48ff-ac36-5a1b7c2f3c04
2025-05-26,00:01:48,"Dame Kelly Holmes - Everything She Couldn't Say Then",9fe6ff92-216b-4766-963e-9ecc0411f355
2025-05-10,00:29:02,"Spent $15k on a Bike… Still Getting Dropped",c0270134-9e17-4b97-b291-d3fe76295df7
2025-05-05,00:40:10,"Keegan Swenson’s Strength Coach on Training Smart",894f2135-fdf5-45e0-bd87-40ae707df5f4
2025-04-28,00:09:11,"Why You’re Not Getting Faster (And What to Do About It)",94f72b11-3d6b-474b-9f95-d9bbe32c8b87
2025-04-14,01:48:25,"The Cost of Discipline: Burnout, Body Image & the Hustle Myth With Brian Keane",190f298f-e237-4c16-9d30-54a47b364c5a
2025-04-08,00:07:49,"Athlete 2.0 - Train Less, Live More",f52afb89-7d80-4bba-b895-5e3d91f6ec46
2025-03-26,00:54:24,"""If I Could Start Over"" - Double Olympic Gold Medalist Alistair Brownlee on His Biggest Lessons",f17da95b-5dee-4670-b0b8-0492228fecd1
2025-03-21,00:35:02,"Why Pogačar Looks Effortless—and How You Can Too",a02132d3-01ee-474e-8419-6f95dacbcdc7
2025-03-20,00:11:52,"Why Runners Excel at Cycling—and Where They Struggle",a0451939-0c2c-42c3-ada8-71168d322ee9
2025-03-12,01:10:53,"How Far Can An Amateur Go By Training Like A Pro With Anthony O'Brien",17384cc0-8803-4310-88e9-ec546027c1f8
2025-03-06,00:36:29,"Why Your Habits Fail – And How to Fix Them with Dr. Heather McKee",1f371b54-b4ea-4290-9c9f-44f3a8611501
2025-03-03,00:42:41,"The Six-Hour World Record and the Crash That Changed Everything With Ryan Collins",8ad3ce1d-6ab1-48d3-85dd-b6e5f3974644
2025-02-20,00:17:23,"When the Bike Isn't Everything: How to Find Balance",1de032e2-f291-40c8-a464-0a42d28ffc31
2025-02-07,00:37:52,"Why the Pros Are Ditching 175mm Cranks for 165mm With INEOS's Phil Burt",87d669a7-f2fe-4e9c-9b7c-689a9ce00e32
2025-01-20,00:44:10,"Why Nutrition Matters More Than Your Bike: Lessons from Pro Chef Alan Murchison",621ecd8c-4903-4c20-a9bb-fa0e2427badb
2025-01-15,00:48:18,"How To Build Mental Confidence for Endurance Athletes With Sport Psychologist Erin Ayala",59a1114c-092a-4f37-a0d1-4b85dc1ed728
2025-01-13,00:46:18,"Sustainable Weight Loss and Peak Performance with Sharon Madigan",cda7a542-4ba1-4b2f-ab70-19f07cc6ed9b
2025-01-06,00:41:44,"Inside the Lifetime Grand Prix: Kimo Seymour on 2024 Highlights and 2025’s Big Changes",101faed8-d03d-4ae3-9d3d-b65a4f06d94e
2025-01-04,00:36:38,"Balancing Work and Racing: Alex Wild's Breakthrough Life Time Grand Prix Season",83e51e56-a5d1-49a1-bf7a-11171295bd23
2025-01-02,00:22:04,"Has Colnago Lost Its Soul? Group Ride Efficiency & How to Slow Down (?!) Bikes",ac3a1a1a-ad8b-4e8c-ad0c-7d68b9b6a165
2024-12-30,00:47:38,"Inside Transcordilleras: Mauricio Ordoñez on Colombia’s Epic Gravel Bikepacking Race",855bf356-ef7d-46f6-8eb1-d115396229c5
2024-12-27,00:39:43,"The World’s Fastest Climber That You’ve Never Heard Of - Jack Burke",c9a9a76f-57f0-47f4-beff-27ee3a83414e
2024-12-20,00:31:22,"100 Best Gifts For Cyclists!",e02a1b14-ed14-46e2-af94-b6e9572abc5a
2024-12-14,00:35:24,"The Back Pain Fix: Proven Strategies for Cyclists with Dr. Stuart McGill",d20f5d5e-f0a1-45f9-b5c3-b41975db0fac
2024-12-07,00:16:16,"The Science of Recovery Rides: Unlocking Faster, Stronger Cycling",cade0fee-9828-4a54-95a4-282e37682ab6
2024-12-05,01:35:19,"Cross, Gravel, and Everything in Between: Jeremy Powers Talks Tyres, Training, and Tech",ee8bea52-6dc9-4c87-9269-14e671f95fba
2024-11-30,00:15:21,"Why Ordinary Cyclists Can Tackle Extraordinary Races",901b7446-5464-4bac-8661-0f6e18dcd85d
2024-11-26,00:31:03,"What Makes a Road Bike Cost More Than a Car? - Rider Support",309d9b73-3d07-4ad3-9bc4-828bed405998
2024-11-24,00:25:18,"Cycling Gear I Loved in 2024: My Must-Have Picks For Cyber Monday",82abc3f6-fda1-42c7-ad59-57cfa522cbec
2024-11-15,00:37:39,"Never Skip These Steps Before Starting Winter Base Training - Rider Suport",7587a23a-ab26-4899-ad7a-e1bcad15d634
2024-11-14,00:14:31,"Bike Shops vs. Online Retailers: The Battle for Cycling’s Soul",db7f5598-6fe4-4621-b5a2-b5770532844b
2024-11-13,00:50:59,"Scarcity Brain: Why We Crave More and How to Want Less With Michael Easter",ada2f613-1c02-4d5e-9e1e-bc87c6781567
2024-11-09,00:21:05,"Lactate Threshold Explained: A Cyclist’s Guide to Smarter Training",9900b200-7665-4861-b100-d31be80333a0
2024-11-02,00:14:54,"How the 2025 Tour de France Will Test Riders Like Never Before",0e43e141-ac51-4356-908d-e1cca678bd25
2024-10-31,00:14:05,"The Art of the Group Ride: Building Trust and Technique",cc4b117d-428f-443f-8d2f-4b5d4202b501
2024-10-29,00:17:40,"Training on Autopilot: Easy Habits for Consistent Cycling Success",2c51743b-c8ac-46f0-991e-29f4f02d5326
2024-10-21,00:41:34,"Training, Pacing, and Aero: John Archibald's Formula for TT Domination",ff7a5573-3ac1-4f56-98f8-1d87a70ff876
2024-10-18,00:31:28,"What Happens When You Cycle Every Day & Surprising Health Benefits -Rider Support",e249e1a5-e616-4ebc-85ac-12703fe286b7
2024-10-11,00:37:41,"How To Stay Safe On The Roads, Tips For Urban Cyclists - Rider Support",ec3a9426-be0b-44ea-8777-605071b1f390
2024-09-29,00:23:22,"A Battle for the Ages: The 2024 Worlds Men's Elite Race Breakdown",ea431459-993e-4a53-923b-bf960cb7c511
2024-09-27,00:35:25,"Lachlan Morton’s World Tour & Pogi’s Podcast: Cycling’s Big Questions",0a6150b5-e708-41f8-9e33-cbec5ef52f21
2024-09-24,00:43:48,"Beneath the Pink Jersey: Inside the World’s Most Beautiful Bike Race",80e5afbc-b723-4f74-a276-bcbb61b46b1f
2024-09-18,00:20:07,"Close Passes and Road Rage: Can Drivers and Cyclists Coexist?",cf99dd7e-0b34-49e4-ade4-8f6f182038bb
2024-09-12,00:14:59,"The Unbreakable Pull: Why Cycling Always Brings Me Back",72b5e17f-23c4-4846-8c29-ec534380698e
2024-09-10,00:47:33,"Redefining Human Potential With Sean Conway, Super Endurance Athlete",470e0475-8054-48e9-8711-d76ea5e8d2ba
2024-09-06,00:38:28,"How Hannah Otto Set the Fastest Known Time on the Kokopelli Trail",f2a745b0-309c-4ba0-8684-5adf104dc638
2024-09-02,00:42:22,"Mark Cavendish's Coach Vasilis Anastopoulos On His Tour de France Record",190da40c-4907-4d9f-9d00-1b212df461b1
2024-08-26,00:38:50,"Why Foot Health is the Missing Link in Your Training With Dr Courtney Conley",7ae696f2-b6e2-45a0-8492-b12754ae71d8
2024-08-15,00:40:32,"Lucas Clarke : Race Across America Record Breaker",acd8cf44-b71f-4422-80df-15371c9169da
2024-08-09,00:36:10,"Top 5 Things Top Coaches Agree You Should NEVER Do - Rider Support",87bfcd0b-bfa7-411b-8f0b-77a16a860cf8
2024-08-07,00:42:51,"From Leadville Wins to Fastest Known Times With Payson McElveen",a11cdca1-bb92-4091-b15f-ba5ed33a6995
2024-08-05,00:17:46,"Exploring Mark Cavendish’s Iconic Career - The Greatest Sprinter Of All Time",be268e08-c99a-4e51-9975-686802957e8b
2024-08-02,00:28:17,"The Cheap Magic Drink That Pro Riders Use To Boost Their Cycling Powers! - Rider Suport",798f3142-fcad-41e8-bb0d-1d95b8e27697
2024-07-29,00:46:55,"The Most In Demand Bike Of 2024 -Van Rysel with Jérémie Debeuf",74313cb9-426b-46fc-8b51-bf08c7db7b1e
2024-07-11,00:41:46,"Mastering Cycling on a Busy Schedule With Alex Wild",376a0f03-5ce1-44b9-92eb-f342ca5aa7a3
2024-07-03,00:42:24,"Behind the Stopwatch: Time Trialling With Andrea Parish",f598d2a1-b710-4842-a4a9-a80bf9596b27
2024-07-01,00:49:21,"Juggling Intense Training With Family & Work Obligations - Ted King",b597d33f-63bc-4c65-8913-0b3f7e2d5d4c
2024-06-24,00:43:06,"Triathlon Coach and Australian Ironman Champion - Gerard Donnelly",45e9770e-33fa-455e-b076-d767493ba4ab
2024-06-19,00:29:21,"Tour de France Trailblazer With Louise Vardeman",4bd03ab4-5386-4be5-a358-81be6f2e65cd
2024-06-14,00:40:26,"Dr. Kevin Stone on How to Prevent Injuries as You Age",dd4a656f-9861-4e7a-adc3-374f98cdb719
2024-06-03,00:50:37,"Inside Leigh Timmis' World Record Ride Across Europe",03dae9c4-0f99-4942-ae8a-040118577924
2024-05-31,00:38:24,"""Defeat Is Not An Option"" With Neuroscientist Dr.Scott Frey",8796d36c-29f3-4f13-b764-d893b0819cb2
2024-05-27,00:51:24,"Multi Grand Tour Stage & Classics Winner - Dan Martin",47797015-878a-47dd-af12-02e3bf9b49e7
2024-05-22,00:49:22,"No Excuses: Jack Kavanagh’s Guide to Resilience",d9ccaacf-287f-4ea0-94ee-e61239ceca2a
2024-05-15,00:40:05,"Training Tips from a Mountain Biking Maestro With Ned Overend",c2fb3aab-1272-48ee-8095-6a4b8325e7ba
2024-05-13,00:52:30,"Living Longer and Healthier with Dr. Howard Luks",3352b91f-098a-43a3-949a-1df15a6365eb
2024-05-08,00:37:27,"Champion and Advocate: Alison Tetrick’s Dedication to Cycling Equality",42fb2a80-8763-4b0e-8464-ee8902a13a64
2024-05-01,00:54:08,"How Everyday Toxins Affect Our Health With Ken Cook",6c9c814e-b2b1-4e46-b5aa-635f27b3454f
2024-04-24,00:32:10,"Cycling's Role in Veteran Rehabilitation With James Herrera",44602425-07f3-40e4-a06b-fd61e9f5384d
2024-04-17,00:51:06,"Total Fitness : Speed, Strength, and Sustainability With Iñaki de la Parra",e785829e-9c4c-42e8-a14d-43dd4de582b5
2024-04-15,00:57:32,"Balancing Weight Loss with Maintaining Muscle and Power - Uriell Carson",2c26dd85-c06f-4320-9c71-28f5ce595d6f
2024-04-12,00:26:24,"Mistakes Everyone Makes With their Training After 40 - Rider Support",27524eaf-8427-4667-8bcd-cd95f0c4ebb5
2024-04-09,01:03:09,"How To Become A Pro Cyclist With Jack Burke",fe4d646d-c5ff-4500-aad1-63ee8d52ba24
2024-04-02,00:46:28,"Valtteri Bottas - Speed On The Track & On The Trails",5f970f08-cfed-4327-ae40-331801809b20
2024-03-27,00:49:22,"Inside the Virtual Peloton and E-Racing with Zach Nehr",72c4d2e8-1bb2-44ee-bf59-caf236bef715
2024-03-20,00:57:35,"Convict to Champion: The John McAvoy Story of Redemption",8f0e5433-3693-4ae1-9810-8cf30f5fcebf
2024-03-13,01:16:41,"Secrets to a Stellar Physique- Trainer To The Stars Paul Byrne",752047af-1173-4454-b1c8-0f46a5a7458d
2024-03-06,00:38:59,"A Deep Dive into Anti-Aging Innovations WIth Dustin Baker",3db18c9a-8886-4dc5-972f-9e8c15b2966e
2024-02-28,00:40:19,"Gravel Racing is the New Road Racing with Kimo Seymour",49d6577d-a765-4df4-a5c4-6002018a5aef
2024-02-21,00:44:11,"XTERRA Triathlon World Champion and Oscar-nominated talent - Lesley Patterson",7ed0a868-f433-4b70-90df-0ddbf7364ebc
2024-02-14,00:39:42,"The Drive Within: Exploring Penny Mallory's Inspirational Legacy",2ae45c28-3fba-4f4c-94c2-1b25e3ec0920
2024-01-31,00:43:38,"Beyond Roads: Embracing the Virtual Worlds of Indoor Cycling With Matt Smithson",1c8c41f0-243e-476a-b1ed-41b9f0067d13
2024-01-29,00:47:57,"Artificial Intelligence & Its Influence On Sport Now & In The Future With Jordan Kobert",7aee62ee-47a9-48fd-b0bc-e006a767abb2
2024-01-26,00:11:47,"The Science of Happiness",3365bac2-ebdc-40a8-93ab-d0eb7f432692
2024-01-23,00:47:02,"The Passion & Controversies That Have Shaped American Cycling With Jamie Paolinetti",65fa74f8-1227-48a3-86cf-42ab8bd4eb23
2024-01-19,00:17:15,"Crush Your Goals This Year With This ONE Change",31e06fe7-fbb3-4097-ae11-7a009294a8fd
2024-01-17,00:45:15,"Triathletes CAN Self Coach! With Joe Friel",2fdbc4df-b8a2-4ae7-abc5-10f774638675
2024-01-12,00:37:19,"Is This The Worst Team Kit Ever? - Newbie Questions With Sarah",d0d552d3-70aa-4c1d-9722-f7f4b0b0602b
2024-01-10,00:31:47,"The Hot Trend in Wellness Explained - Cold Therapy With Joshua Church",6fb2b0ad-708c-4803-b31a-261432c9f9f2
2024-01-08,00:38:15,"An Unyielding Spirit With Bridget Bremner",71b46345-fdc5-485f-8bf0-9c99b66bbb0a
2024-01-04,00:55:29,"The African Racing Revolution With Tsgabu Grmay",64f49e67-3229-4a31-baa0-5659c721c251
2023-12-31,00:10:12,"3 Must-Do's for 2024",f380af04-d33e-470d-9af8-99b1125fe5b6
2023-12-30,00:17:55,"2024 Gravel Kit Survival Guide",d6f7050f-a6c8-47fc-886d-2de9e41ef378
2023-12-29,00:39:46,"End Of Year Wrap Up - Newbie Questions With Sarah",415c9243-ba45-4796-95a8-f583b3e6421a
2023-12-22,00:21:17,"How Do I Keep My Fitness Over Christmas? - Newbie Questions With Sarah",18b55021-9b4d-487e-a9b1-311193bc8ee6
2023-12-21,00:12:18,"The One Promise You MUST Keep (No Matter What)",080d8796-aa5a-4889-a4ff-8e184b484b39
2023-12-19,00:52:03,"Unveiling the Mind of a Warrior: Ed Veal's Relentless Pursuit of Excellence",027ea8c3-4022-4f15-abf3-110997e252f5
2023-12-18,00:07:16,"UCI's LATEST Controversial Decision",149d380b-3b3c-4a02-a375-9132959e7ec5
2023-12-16,00:14:02,"Why You Should Embrace Virtual Time Trialing",27e1f8a1-bbb1-454a-a7a8-d622fdf467ac
2023-12-13,00:08:13,"Transformations : The Art of Personal Change",3c922cc5-e5df-424d-aea7-d9878caf3fee
2023-12-12,00:47:42,"What It Takes To Win A Tour de France Stage With Matej Mohorič",f725f0c4-fdc1-4643-9e68-0e2e80fd9d2f
2023-12-11,00:09:14,"How To Navigate Setbacks & Injuries",b182c124-8d1b-4144-a0d4-5f7b319104d1
2023-12-09,00:12:02,"The Tough Questions Every Cyclist Should Ask Themselves",ac5f6f54-3f6b-47ac-b3b2-9c00cc023ddd
2023-12-06,00:08:00,"Calm in the Saddle: Embracing Stoicism for Mental Grit",2f61c4dc-7305-4fc2-b7cc-760487f13a6e
2023-12-05,00:52:50,"Zones, Altitudes, and Amateurs: A Triathlete's Guide with Josh Amberger",47c8f543-5954-46f7-8a9f-9498f1869225
2023-12-04,00:08:21,"The Importance of Mobility Exercises for Cyclists",e914bf1c-a36d-4522-b4e6-ab3c901f784a
2023-12-04,00:07:00,"The Running Edge in Cycling",ac9b2657-1568-4256-b14a-8b5d7d4c68dc
2023-12-02,00:14:18,"Ozempic: How One Medication Is Redefining Weight Management",42e330b5-4303-4a07-b9be-0a6a1ca5571a
2023-12-01,00:30:02,"You're Getting Kicked Out Of The Group Ride If You Do This - Newbie Questions With Sarah",5d321be7-a790-4b3b-bac3-01631c576fea
2023-11-28,00:37:14,"An Unforgettable World Record Expedition - Stevie and Laura's Tandem Adventure",63121cc8-8e06-4d02-9edb-62efc0de4952
2023-11-27,00:13:16,"Unlock The Secrets Of Peak Performance",8f360403-f85f-4e5f-a184-65a95a9b749e
2023-11-26,00:10:49,"How Quickly Do You Lose Fitness When You Take a Break from Training?",dcaee3fd-ccce-4949-bd10-6ff96e67e098
2023-11-24,00:26:45,"What’s the best rehab for a broken collarbone? - Newbie Questions With Sarah",b7844a5c-58d9-4931-9bae-ec69adfae74b
2023-11-22,00:06:10,"The 1% Illusion: Unmasking Fitness Trends and Rediscovering the 99%",8ea44f78-ef04-4cb4-9105-eea88e1f1c94
2023-11-20,00:11:41,"Behind the Scenes: The Evolution of a Podcast and a Stoic Mindset",14790c59-19ed-4cad-8bb9-a57b824003da
2023-11-19,00:10:49,"How Quickly Do You Lose Fitness When You Take a Break from Training?",dac50f56-ea8f-4083-87d6-1cb2098860af
2023-11-18,00:14:19,"Revolutionising Weight Loss With A Focus On Gut Biome",f7d0b437-a082-46cf-bd7a-16f7f7c45716
2023-11-17,00:24:44,"Ego Driven Cyclist On Group Rides & Losing Weight In The ""Off Season"" - Newbie Questions With Sarah",b9e185db-dfd4-41bc-8575-a6309a32ac84
2023-11-15,00:08:44,"Choosing Your Battles: Embracing Struggle and Defining What Matters",7d0da0ae-cf2a-4474-8b2c-c3b600aaaf4e
2023-11-13,00:08:47,"Identity Shifts And The Path To Personal Transformation",0ff0c8c0-1d60-41bc-821a-2cae60b14ae8
2023-11-11,00:17:37,"Beyond Fitness: How to never get dropped again",622086d5-bfa3-497f-a117-03b0bb215ae6
2023-11-10,00:22:46,"Winter Training: What's It All About? - Newbie Questions With Sarah",c0d74d93-278f-4a72-838a-53f2288048e7
2023-11-09,01:10:56,"A Cyclist's Guide to Conquering Life's Steep Climbs With Tom Danielson:",388c2d26-7549-4424-87a5-986742967a1e
2023-11-08,00:11:54,"The Roseto Effect & The Power of Community",be59faa6-7500-4db2-b0a9-a952a18fdff9
2023-11-07,00:36:26,"Two Wheels and a Thousand Stories: Chris Lee-Francis' Epic Ride",ddc99e4a-19ea-4c4f-9a63-16b4cf6b730f
2023-11-06,00:08:07,"Navigating Life's Lows: Stoic Wisdom for Getting Unstuck",03cccc07-9738-4d80-a4b3-126537e64390
2023-11-04,00:13:15,"Is My Bike Position WRONG? - Here's How To Tell",b4fcc0bb-178a-4a17-b412-6e0f6d7712c5
2023-11-03,00:10:54,"The Tour De France Femme 2024 Route - An Epic 8 Stages With Something For All Riders",78750f74-73a2-43f6-be4d-0fc75cba0c73
2023-11-03,00:11:14,"Reset Your Values & Choices & Live A Fulfilled Life - The Art Of Not Giving A F*ck",b4da87d0-1f24-4eeb-9ba6-5a1deae82e36
2023-11-02,00:47:13,"""Stress + Rest = Growth"" - Triathlon Great, Ben Hoffman Shares His Training Secrets",f682a34f-b9e5-4cc0-8860-7aeccf9ced3f
2023-11-01,00:08:34,"The Science of Cycling, Cortisol, and Body Fat",2e4cfbbf-a3d3-4e09-8cad-fc41fb4619d6
2023-10-31,00:48:12,"Redefining Performance: The Untold Secrets of Adaptive Capacity and Disease Prevention",2823b721-19a3-477e-983b-a95329bd10d4
2023-10-30,00:14:13,"The Two Stages You CAN NOT Miss - Tour de France Route 2024 Announced!",c9fd3c2f-0025-4bdc-8a61-9c0735a77f24
2023-10-30,00:24:12,"Worst & Most Embarrassing Crashes - Newbie Questions With Sarah",38458d69-9c47-4a20-b5cb-ef83b3d08a9f
2023-10-24,00:43:43,"The Hardest Race On Earth - The Tour Divide With Alex Howes",62949449-5581-457b-9c20-87f0e4e1d671
2023-10-21,00:17:54,"Planning, Equipment & Route Selection - Anthonys Bike Packing Week",5e80be23-f80f-45b0-9ee4-d9415017274a
2023-10-19,00:38:45,"Quitting Pro Cycling To Follow Her Real Path - Shannon Malseed",8dfc8ac5-7c5d-4356-8062-3bee1c1645db
2023-10-18,00:14:40,"Ugly Crying, Saddle Sores & Cycling Minimalism - Sarah's First Bike Packing Trip",400553bc-45b1-4656-8eba-ca28334790de
2023-10-17,00:37:17,"7 Minutes Of Sleep In 38 Hours Of Racing - Badlands Winner Rob Britton",0c4f0088-c00e-4705-bd38-3133e1a32aed
2023-10-16,00:09:48,"Start With Why: Your Roadmap to Purpose in Life and Cycling",40b87b11-4379-4cde-b84c-a28883cca161
2023-10-14,00:10:26,"Want To Look More Like A Pro Cyclist? Work On Your Cadence.",b4e54d32-01ca-44d7-a685-1ff67086e82b
2023-10-13,00:26:27,"Is My Bike Mechanic Ripping Me Off? Newbie Questions With Sarah",f2c39bbb-53a1-4edc-9bca-1451e260c1f2
2023-10-10,00:42:17,"The Transformative Power Of Sport At Any Age With Andy Critchlow",b2bc41fe-b04f-4826-9080-f21a2b9d7759
2023-10-09,00:08:02,"Why You Should Be Using Hot & Cold Therapy",19710c68-3f29-4a10-847c-1b9ac087fa7d
2023-10-07,00:23:47,"Demystifying Cycling Training Zones",59c34488-8c24-4114-b489-c32a317e1d06
2023-10-06,00:26:06,"Quickstep Chaos, Gravel Worlds & Zone 2 Training - Newbie Questions With Sarah",9f62607c-8e89-4ef6-bdda-a82a3c281289
2023-10-04,00:12:32,"Winter Immunity : Boosting Health for Optimal Performance",958c2921-9807-40ae-8727-50acee437eae
2023-10-02,00:09:26,"Small Steps, Big Impact: How to Compound Your Way to a Healthier, Happier Life",e273626f-ada4-4d4c-9324-29ed7c8027b3
2023-09-30,00:19:48,"Cycling Stronger, Not Harder: The Low Heart Rate Training Revolution",41ccc526-3f59-4b27-b737-3160559a4e57
2023-09-29,00:29:40,"Shimano Crank Recall, A Listener Compliant & Winter Training AdviceNewbie Questions With Sarah",76c1c42b-2a5f-4aec-9751-1c952126d5f3
2023-09-26,00:34:07,"Fix Sore Knees, Back Pain & Numb Hands With Dr Andy Pruitt",4d8cb876-02cd-457f-a2a7-b07bcd1e4579
2023-09-22,00:24:57,"Drunk Cycling? - Newbie Questions With Sarah",f53c24ac-1b43-467a-8033-3c0880bc9b99
2023-09-22,00:15:37,"3 Things That Will Make You A Faster Cyclist TODAY",75f00bf0-f490-4aac-8292-b91accaf7ac7
2023-09-20,00:08:54,"How To Elevate Your Time Trial Performance",cb7e322f-1507-4a79-a51e-28b50c40d921
2023-09-19,00:56:55,"Optimising Cycling Performance Through Strength & Conditioning With Derek Teel",8f2ab3e7-b2fb-41c7-9d19-2612e5ce2c79
2023-09-18,00:10:15,"The Double-Edged Sword of Ruthlessness: Finding the Middle Way in Sport and Life",52840175-df9f-4242-8b85-21ff5db3d5ae
2023-09-16,00:13:46,"Navigating Urban Streets: Clipless Pedals, Decision-Making, and Safety",2320e30e-646f-49d9-bccc-12028a36ff65
2023-09-15,00:28:00,"Winter Training Camps, Encouraging New Cyclists & More - Newbie Questions With Sarah",ce069c38-6906-4d65-9f94-a4c2f4a68e9e
2023-09-13,00:09:20,"Lachlan Morton Smashes Tour Divide Record",fe4da406-1154-43cf-9c24-c4e873b2a579
2023-09-09,00:13:21,"Are You An Energy Sapper Or Energy Generator?",7c537432-cf8b-4b19-9f27-462bfb172ab7
2023-09-04,00:10:08,"Nice Guys Don't Always Finish Last - Vuelta Update",b6c8e3bb-6e5d-4c32-a5aa-60030a6a4a9c
2023-09-02,00:20:57,"Back To Basics - Everything A New Cyclist Needs To Know",328a0d64-ab6b-48d6-bb64-d41d80793a81
2023-09-01,00:29:50,"Headwinds, Caffiene Withdrawal & Making Cycling Friends - Newbie Questions With Sarah",dc0b1621-0f25-41dd-b94a-3e583984fdbe
2023-08-29,00:44:43,"How ATHLETES Can Use FBI Tactics To Up Their Game with Chris Voss",368d7c34-1838-4e18-a846-cebaf53eaa29
2023-08-28,00:11:22,"Chaos In The Opening Two Stages Of La Vuelta Espana",c6567beb-c720-4941-9961-12d7b9aab853
2023-08-26,00:15:32,"Everything You Need To Know About Heart Rate Variability",2f5e84b2-1f9b-4d31-acbd-432cc69049dd
2023-08-25,00:23:18,"Single Speed Bikes & How To Change Gears Seamlessly- Newbie Questions With Sarah",1b37ec4d-25fc-4f6d-8442-005f2a355d47
2023-08-23,00:46:36,"It's My Time with Jay Vine",6d1d564b-0023-4287-b9f4-4cb5ddd19a66
2023-08-22,00:11:14,"Strength & Conditioning - Should Cyclists Bother?",eb83f6b1-6629-4d07-acea-2f5fc2c29672
2023-08-19,00:17:45,"I Got Followed By A Creepy Cyclist - Safety Tips For Solo Riding",7a30de19-7073-43af-82b2-419b1f5adff9
2023-08-14,00:10:43,"Choosing Your Race: Is Time Trialling the Right Fit for You?",479f5bf2-7803-4ab8-9e48-1fcb86ec74f6
2023-08-12,00:16:33,"How To Become A Morning Person",649fcf74-6939-4155-ac7d-02055cb6159f
2023-08-08,00:34:46,"Founders Series: Quoc Pham (Quoc Shoes)",99373034-9005-4701-ad3e-5068f017f0d7
2023-08-05,00:20:53,"Nature Breaks, Aero Bars On Group Rides & V02 Max - Newbie Questions With Sarah",6fcec8fe-e6c3-48a9-9269-560661dd8216
2023-08-04,00:54:10,"The Riders & Moments That Defined The Tour de France Femme - With Peter Barnes",731cf81a-b037-4ba6-a63f-904010b9bc89
2023-08-01,00:42:01,"The 31-Year-Old Neo Pro: Defying Expectations With Michael Vink",53175f28-d277-49ca-96e4-38375395ab19
2023-08-01,00:07:22,"From Summer Peak to Winter Break - When Should You Stop?",d5cf0974-c1e5-4c3b-ab26-770b57ef3650
2023-07-31,00:11:33,"The Femmes Stage 8: Vollering Wins & Dethrones Van Vleuten",922b0bb3-e226-4b0d-a898-513a5624c176
2023-07-29,00:11:42,"The Femmes Stage 7: Van Vleuten & Vollering Refuse To Race!",36f36bdc-a9d4-4b8e-a3bc-a7cda225806f
2023-07-28,00:20:56,"LeMond, Toilet Mistakes & Tour de France Femme - Newbie Questions",9a118c0c-61a6-43c3-96db-48da18542fcd
2023-07-28,00:12:03,"The Femmes Stage 6: The Sprinters Fail Again",09ef35f6-4fcc-4161-a5f4-4765ff378660
2023-07-27,00:43:36,"Why You Need To Quit Alcohol with Brook LeBlanc",1ffc16d9-8cd9-4b30-ae95-20eb579c8011
2023-07-26,00:12:13,"10 Tips To Get The Most From Your Bike Packing Adventure",e0355e88-fb33-4af4-9989-e8d35b89c093
2023-07-26,00:09:27,"The Femmes Stage 4: ""Longest Ride I Ever Did"" Said Winner Kastelijn",90698160-f2d7-468e-b480-0d1a2a4abe37
2023-07-25,00:36:41,"Faster After 40 With Jeremiah Bishop",0860e8a6-db7c-4a71-aa80-82066804bf69
2023-07-25,00:10:38,"The Femmes Stage 3: 50 Meters From Glory",14fcd7b8-f715-49b4-bdb3-02f758015307
2023-07-24,00:14:02,"TDF: 2 In A Row For King Jonas",4e907752-764a-4cc6-b544-7575c66bc6a9
2023-07-24,00:11:45,"The Femmes: Drama, Stress & Rain In Stage 2",ebb953a5-8c78-47ca-a58b-a256772c1f46
2023-07-23,00:10:48,"The Femmes: How The GC Riders Were Caught Napping",4d5ac38f-edcf-421a-96c9-437784683c3d
2023-07-21,00:16:41,"Tour de France Femmes Avec Zwift - PREVIEW",533491b8-ceda-4383-b8d4-9046a1d84aff
2023-07-20,00:36:57,"Breathing for Peak Performance: Unleashing the Power of Nasal Breathing with Patrick McKeown",06267dfe-ce81-4a75-b56d-bd861b02cf7d
2023-07-19,00:08:29,"Wounded Animals Are Dangerous - Could Pogacar make a comeback?",0c8c02d1-2a3a-4257-846e-0f1603f892d0
2023-07-18,00:35:36,"Tour de France Femme Avec Zwift (WTF...Watch The Femmes!) - Kate Veronneau",96aefbfb-1cbc-4dee-958b-a28f6ec74141
2023-07-17,00:14:52,"The WEIRD Tour de France Tactics (We're ALL Confused!)",29d0f737-b249-448e-b8a5-9aba627e29b5
2023-07-15,00:19:49,"How To Get Out Of A Training Funk",9549b318-4d9a-459b-8e51-5d8ff30c7217
2023-07-13,00:44:59,"Evidence-Based Insights From New York Times Best Selling Author - Chris Kresser",230bbeeb-c4f0-4b7b-8dc4-efd8a1f4c819
2023-07-12,00:14:19,"Tour Special: Grief Is A Powerful Motivator",c8ae41b9-65a3-4c56-953a-e2cfa93b9e7b
2023-07-11,00:38:38,"Using Data To Train But Relying On Instinct To win Races - Erica Magnaldi",8338735a-6c88-466d-be7d-308c2dfaad3b
2023-07-10,00:15:32,"Pogacar Closes In On Yellow, Woods Wins The Stage & Cav Abandons",b29cb06d-6276-494c-93ea-e780c817355e
2023-07-08,00:12:31,"Pogacar Vs Vingegaard - Jumbo Visma's Bad Tactics?",e2be59d9-31e4-4641-a4e5-3a7af70e7cef
2023-07-07,00:24:49,"Encouraging Everyone To Go Underwear Free - Newbie Questions With Sarah",57e778dc-a0f9-4bae-9bc2-eed15e573a8e
2023-07-05,00:40:50,"Mastering Your Metabolism through Fasting: Cynthia Thurlow's Expertise",da846e92-ea0f-4ff7-9bde-0bd5172ffcb3
2023-07-04,00:12:42,"TDF Stage 3: Tacks On The Road, Sprint Deviations & A Win For ""Disaster""",8088d909-a780-4d97-9b09-d5445fdeeeb3
2023-07-01,00:18:43,"Impress Your Cycling Buddies With This Tour de France Trivia!",bb2f3fec-f5d1-4592-8787-cb55ecc48fb2
2023-06-30,00:24:14,"Road Rash, Saddle Sores & Pro Riders Pee-ing Habits - Newbie Questions With Sarah",d60ad366-104c-40f3-ad0e-0bdaab6b95cf
2023-06-29,00:14:37,"The ESSENTIAL Tour de France Preview Show",4ff9524c-f9fe-4ffa-8d3c-e3b983f34f80
2023-06-28,00:16:29,"The Cycling Nutrition Puzzle: Lessons Learned from Experts and My Personal Approach",89b85ec7-98ac-4879-8217-29559cfd1e45
2023-06-27,00:54:30,"Doping, Assault & Abuse In Cycling With Geneviève Jeanson",17eb4c0f-dfb5-4c39-be7c-03dd28bbaac8
2023-06-26,01:02:52,"Chronic Disease Can Be Reversed With Dietary Changes - Dr. Anthony Chaffee",485ed41d-68cc-4583-80d5-5b0ef4d2c952
2023-06-24,00:55:40,"The Side Of Cycling You Don't See - With Chanel Harris",5700e888-d73f-428f-a639-b431958487df
2023-06-22,00:12:29,"Cornering Confidence: Mastering Criterium Racing",a8d0e759-4791-4f82-a49b-76ed31874e77
2023-06-21,00:45:30,"Founders Series : William Butler Adams (CEO Brompton Bikes)",d8672179-5bef-4550-81a1-943e37511f29
2023-06-20,00:53:03,"Ditch Strict Diets With Paul Dermody",7271bb9e-b8a5-462b-bd56-8a38cd216184
2023-06-19,00:13:08,"Tour Divide: Unveiling the World's Toughest Bikepacking Race",aab0d212-5164-48ec-9a43-49da1adc1651
2023-06-16,00:24:47,"The Best Sealant, Snot Rockets & Cold Water Therapy For Performance - Newbie Questions With Sarah",32296336-12cf-4b51-85e2-72b57a9e2f71
2023-06-15,00:11:55,"Summer Mistakes: How To Avoid Common Cycling Injuries",4b21b53c-395b-45ee-a8c2-cdf7e8620282
2023-06-14,00:45:01,"How To Move On With No Regrets With Alex Dowsett",fff8ce33-85b9-4436-8ce4-c4a425067e3d
2023-06-13,00:44:00,"Can You Be A Competitive Athlete Without Carbohydrates? - With Sean Sako",c49a782e-a870-4f61-b391-6d602d44b71a
2023-06-12,00:10:13,"Bouncing Forward: Discovering the Power of Resilience",dfef2e07-74b9-4449-8f31-a34d5d0fd7c7
2023-06-10,00:13:43,"The Strange Things I've Learned While Training For A 200km Race",2b80681d-db8f-4eca-acfc-31392e6404ad
2023-06-08,00:53:14,"Small Tweaks For Huge Wattage Savings with Josh Poertner",c2250289-1470-40e4-930e-74d400c79d3a
2023-06-07,00:15:17,"Unleash Your Cycling Potential: A Guide to Building Your Own Training Plan",35ece7b6-4c42-47d6-aa13-a7d73acd881e
2023-06-02,00:10:17,"Running: The Secret Weapon for Cycling Fitness",ba77e3c6-980c-4320-9b13-f359601887e2
2023-05-31,00:13:33,"Unveiling the Dark Side: The History and Future of Doping",c25606ac-60d4-4705-9e22-ecddb40d4304
2023-05-30,00:57:52,"Ethics, Poverty, and Effective Altruism with Peter Singer",7b4e511b-9308-435b-a047-250771db8769
2023-05-29,00:07:07,"Road Cycling - Is It Really Worth It, Or Just Too Dangerous?",24d5969d-cac7-4e63-a853-6700a20a8185
2023-05-27,00:11:36,"Improve Your Recovery Time, Respiratory Health, Mood & Brain Function With Indoor Plants",86523adc-4a72-4947-a1ca-e14d49c82097
2023-05-26,00:30:36,"Anthonys Extreme Stage Race Fatigue & All Your Cycling Queries - Newbie Questions With Sarah",3c7db96b-c5f7-4285-96da-e1f1f8f568f3
2023-05-25,00:38:09,"Breaking Barriers and Chasing Dreams: A Conversation with Megan Armitage",cb141261-70d5-4077-9eb1-cc2d8db3183b
2023-05-24,00:09:49,"Mastering Stage Race Recovery: Strategies for Optimal Performance",1044ec16-bfa3-417b-acc2-4b11ef556cd5
2023-05-23,01:02:52,"From Kitchen to Saddle: Unveiling the Culinary & Athletic Journey with Chef Alan Murchison",6c2cdecd-4e53-418f-b3a0-f170a39ca21b
2023-05-22,00:15:14,"My Power Numbers & Heart Rate (& Some Funny Stories) From The Rás",7179f036-43ce-4557-b8da-56a2452fb0ca
2023-05-20,00:11:00,"Top 6 Ways To Avoid A Sore Ass When Cycling",f06f46d1-6c75-4143-84c8-ed0c3596fae4
2023-05-19,00:24:03,"Problems With SRAM Chains, MTB Vs Roadie Cleats & Another Riding Etiquette Query - Newbie Questions With Sarah",f57c10f4-bd9d-4baa-accf-add10479ceb0
2023-05-17,00:54:09,"A Story Of Transformation - From Former Adult Entertainer To Health & Mindset Guru With Candice Horbacz",40f47365-9791-4359-83bd-71898db9a1e8
2023-05-16,00:12:42,"Unleashing Your Inner Drive: How to Motivate Yourself to Work Harder",d235d21e-7f75-4716-9ec0-3137d8bdbc36
2023-05-15,00:57:28,"Marginal Gains with Dylan Johnson",24c0f1d7-1d0d-4c1e-9355-836e54eea041
2023-05-13,00:12:09,"My 1st Week Training With A Power-Meter",f0c01c83-9fc4-48fd-882d-afcb94740be1
2023-05-12,00:09:14,"Rás Tailteann: Reviving a Cultural Icon",0a1bcffb-350a-45cf-82bd-788696795fdc
2023-05-10,00:43:56,"The Power of Uncomfortable Conversations with Ben Coomber",7c8bbd44-7fcd-4427-a474-0cff4fa7c71b
2023-05-09,00:50:11,"Riding the Waves of Passion: Michael Barry's Reflections on Racing and Craftsmanship",939e209c-bc3e-44e5-871e-826b387ba07c
2023-05-08,00:15:23,"Cycling Through Paradise: Unveiling Mallorca's Hidden Gems",a0b43f30-8c3a-4fbc-8860-6cd4446f8cb4
2023-05-06,00:13:41,"7 Questions To Give Yourself An Honest Evaluation Of Your Training",c0baa14d-443f-4a7b-9500-f56e5cfb3de8
2023-05-04,00:49:37,"Finding Your Edge: Secrets to Succeeding in Competitive Cycling with Rob Britton",99dc6d6b-9849-4d33-8b3c-a42008fe5b7e
2023-05-03,00:09:12,"Compression Boots vs Massage Guns: Which is the Better Recovery Tool?",275e2ad9-be6b-440b-bd14-cffb6289f280
2023-05-02,00:45:45,"Optimising Habits, Fitness, and Life Balance with Greg Campion",97d611a4-51fd-4037-8909-d082670ad2a6
2023-04-29,00:51:06,"Can You Trust Your Smart Watch To Give You Accurate Information? - With Dr Sian Allen",a4ef90dd-5508-4388-aaf2-b07584e90606
2023-04-28,00:27:04,"Pesky Railroad Tracks, Clipping & Un-clipping and THOSE See-Through White Shorts - Newbie Questions With Sarah",28dc0efb-231c-4c87-a2b2-e6c7c30b7735
2023-04-26,00:09:11,"From Military to Sports: The Importance of Taking Ownership and Leading by Example",662d0e25-061b-43f6-b426-04495363aab0
2023-04-25,00:42:58,"Fleeing From The Taliban, The Female Cyclists That Escaped Afghanistan - With James Hey",f24d8adc-5ab4-474f-8723-ee397f20966f
2023-04-24,00:10:04,"Optimising Testosterone: Strategies for Boosting Energy, Strength, and Vitality",2fedc6f1-6bbc-4e71-a681-a431811f5f78
2023-04-22,00:18:11,"How To Tackle Pre-Race Nerves & Anxiety",910846dd-dc3c-4379-b332-6f2b1191eddd
2023-04-21,00:26:31,"Cleats, Electric Bikes & Cycling's New Superstar - Newbie Questions With Sarah",6d006420-79cb-42fb-96ba-36be394ee2b0
2023-04-20,00:56:58,"From Pro Cyclist to Philosopher: The Intersection of Cycling & Philosophy with James Hibbard",3e6a5572-d70f-4828-87b5-f4b1f68d119c
2023-04-19,00:09:52,"From Goals to Habits: Managing Your Time Effectively for Cycling Success",89f7d995-2f49-4c1e-9bbf-9d18391291b0
2023-04-18,00:48:02,"Racing, Risk, and Resilience: A Conversation with Daryl Impey",e62caf8d-4495-4b57-8403-17540fbc8756
2023-04-17,00:14:12,"Cycling Safety: Tips and Strategies for Staying Safe on the Road",370ad3ae-8ca4-42d0-8944-b6e3ffeacb1b
2023-04-15,00:07:36,"Should You Take Creatine To Help Your Cycling Performance?",c4c7eb4b-7807-430b-bfae-5e4ce07b895b
2023-04-14,00:23:33,"Exploding cranksets, fixing punctures & drama in Paris-Roubaix - Newbie Questions With Sarah",aa912c99-299c-4e00-a032-eec1483a5b22
2023-04-12,00:10:47,"My First Stage Race in 4 Years (Rás Mumhan)",5b343530-878b-4979-988c-608638949b11
2023-04-11,00:47:12,"A Buyers Guide - An Insight Into Aero With Josh Ross",242fb77d-0b9b-4639-b9f8-a3f549bd1c33
2023-04-08,00:17:33,"Is Cycling Actually Fun? If So, WHICH Type Of Fun Is It?",d32fb52f-006b-4074-8bd1-d1b363c8e490
2023-04-07,00:23:02,"Sarah Vs Car - Newbie Questions",b3478474-aa4e-40f2-ace2-131208b06a9f
2023-04-05,00:08:18,"Breaking the Routine: 3 Ways You're Holding Yourself Back",6693e8b8-5fbc-4eff-835d-16f611cfb8f2
2023-04-04,01:00:56,"Unbound Victory: Winning America's Toughest Gravel Race with Sofia Gómez Villafane",d7881644-b29f-41f2-8a1c-de0a608d8d88
2023-04-03,00:10:21,"Tour de Flanders - Chasing History",0bea5c82-67a9-4220-85d3-4c4004c411cf
2023-04-01,00:54:26,"Finding Freedom on Two Wheels with Alison Tetrick",b6ec37d4-cfee-4ac5-a335-345f73f278a9
2023-03-30,00:52:56,"The Primal Approach to Cycling: A Conversation with Mark Sisson",9470edd1-b1ca-4761-82ac-74fd9b16d2a1
2023-03-29,00:10:35,"Gifting a Win - The Controversial Practice in Cycling",3dbd4ac5-c72f-4c8f-8b0c-797eb3ae0e76
2023-03-28,00:43:27,"Fuelling Performance: Cooking and Nutrition with Chef Hannah Grant",a47f32df-f565-47a8-a63c-fdad88ce0e27
2023-03-27,00:14:02,"A Mountain Bike Newbie - Lessons From riding My 1st Race",676b3cda-4fd9-4869-99ae-7eb143394b03
2023-03-25,00:11:40,"Rapamycin: The Performance Enhancing Drug of the Future?",42f8a17c-f0eb-4324-9ea6-697e2ead0285
2023-03-24,00:27:34,"Smelly Cycling Shoes, Numbness ""Down Below"" & Unusual Strava Segments - Newbie Questions With Sarah",08a249cd-4004-468e-a4ef-c0e0ed9083f6
2023-03-23,00:47:18,"168 Hours: Unlocking the Power of Your Week with Laura Vanderkam",91366b0f-7875-41f9-baad-403311f14625
2023-03-22,00:11:27,"Unlocking the Secrets to Building Lasting Habits: Insights from Behavioral Science Experts",7e4c3b7b-a0c2-4c31-afca-4c74036a1813
2023-03-20,00:12:06,"How Cycling Can Impact Your Mental Health",76e059d7-7584-4d85-9e55-f3db41d5dc13
2023-03-18,00:11:48,"How Having A Healthy Gut Can Improve Your Cycling Performance",b1908dca-f375-4fa7-94b4-6e6f7f675b87
2023-03-16,00:53:16,"Tech Trailblazing, The Armstrong Era & Life After Pro Racing - Christian Vande Velde",720d0216-df38-4e56-86ee-89b3d467cf2b
2023-03-14,00:58:01,"Founders Series: Richard Baker - CEO of Wattbike",86b1ce2b-942d-4aec-8cf9-93b01281ebc6
2023-03-13,00:08:43,"Two 2-minute Rules to Beat Procrastination",cb589ad4-ca0f-4bf0-ab16-ba1edf4b6ebd
2023-03-11,00:13:57,"You’re Sh*t, You’re Useless, You’re Not Worthy - How Negative Self Talk Effects Our Preformance",8baccd83-d90e-4b35-ab55-d6e503d28358
2023-03-10,00:27:53,"Why Do My Disc Brakes Squeal - Newbie Questions With Sarah",a2020c3d-4dda-462c-9659-f4c32fa22754
2023-03-09,01:03:59,"From Addiction to Ironman, Ultramarathon Athlete and Guru Of Ageing Healthily - Louie Ruvolo",96f2bb66-88a1-4d81-83ed-cd8f1d776da0
2023-03-08,00:10:26,"The Physical & Mental Benefits Of Spending Time In Nature",dee7f488-2011-4249-8d21-34637fa0b8d0
2023-03-07,00:39:40,"From CEO of MyProtein to Founder of NatureCan CBD - Success Breeds Success With Andy Duckworth",c4f543d6-5f82-49ba-9843-35ddcd56c7d5
2023-03-06,00:10:58,"Habit Stacking, Small Wins & Celebrating Progress - The Lessons I’ve Learned From One Of My Favourite Books",bf1f05af-4214-4379-9cd2-d210761f0f8a
2023-03-04,00:14:57,"5 Steps To Become A More Stylish, Effortless and Smooth Cyclist",7e0da3e6-feb5-42f7-8d8f-aff453011826
2023-03-03,00:24:26,"I'm Ditching Road Biking For MTB - Newbie Questions With Sarah",ecb61de3-da39-4848-ae6d-b028582587ce
2023-03-02,00:39:51,"Project TAG. Road Racing, Time Trialing & Gravel Racing, A New Chapter With Joe Laverick",e28cd3f0-2eae-4ed1-9359-57bf1058fcb4
2023-03-01,00:13:35,"What I Wish I Knew In My First Bike Race",1ad93c7c-a8f8-4f3b-b109-276f7815e750
2023-02-28,00:40:22,"An Everyday Hero with Ian Hennessy",a9f5e1b0-072a-4325-9748-0c0277a1ca48
2023-02-27,00:10:19,"How a Little Known Military Technique Can Improve Your Productivity",709f5325-7c67-4d85-8c68-d746cbede69b
2023-02-25,00:18:48,"Why Is Understanding The Nervous System Important For Cyclists?",a0fc330f-6494-4a46-8bb5-c863c43e0c08
2023-02-24,00:24:54,"When Home Bike Maintenance Becomes Dangerous - Newbie Questions With Sarah",9b2b8b93-4321-480d-852d-cd8229800319
2023-02-23,00:53:45,"Racism, Trans & Non Binary Athletes in Sport with Duke Agyapong",10ec47ca-9189-4230-9e0f-efcfaf766e45
2023-02-22,00:12:19,"Lessons From David Goggins Live In Dublin",6b1513d5-7499-4b73-a7b7-9b97ac19f3ab
2023-02-21,00:58:34,"Building a Winning Athlete with Grant Holicky",44864f83-dd73-4148-a752-9ee8db2a4c1c
2023-02-20,00:12:57,"Gravel Cycling Now Has Rules",5fb80bf2-5155-47e0-af71-343e4b6feab2
2023-02-18,00:18:35,"Tracking Your Food & Calories - A Good Thing Or Damaging To Your Relationship With Food?",1014aeaa-79c9-4994-8621-8ccd216eb861
2023-02-17,00:25:56,"Winking, Waving, Nodding and Spanking - Newbie Questions With Sarah",42c046af-d850-4566-994f-8b8c5aeb7373
2023-02-16,00:51:09,"Digging Out Of A Slump & Finding Your Path with Tyler Todt",a94ee099-ef26-4478-a886-722d5fdb801f
2023-02-15,00:11:48,"What We Can Learn From The Stoics About Achieving Success",57dd220d-7af4-45c4-8dcd-9e52c8f55d44
2023-02-13,00:17:39,"Lessons We Can Learn From Pro Riders To Improve Our Own Lives",6fe927e4-570a-4cf2-917a-17da953c9668
2023-02-11,00:24:25,"Can CBD Help Endurance Athletes With Performance & Recovery?",8dcac44b-871f-488a-8c73-f45ba4048829
2023-02-09,00:47:12,"Beryl: In Search of Britain's Greatest Athlete - With Jeremy Wilson",33721bd3-f46d-42ae-b214-49f36c7e8d7d
2023-02-08,00:11:03,"Lessons We Can Learn For A Healthier, Happier & Longer Life From Marcus Aurelius",d610d1a9-8321-4236-abc3-f149c8360070
2023-02-07,01:22:11,"The Impossible Route with Tyler Pearce, The Vegan Cyclist",df085378-0379-41f6-8ed7-4c8e26435f4f
2023-02-04,00:16:12,"The Best Female Cyclist Ever? Beryl Burton - A Profile",f5712f20-e86b-4c0e-8531-13ab2d73c3a5
2023-02-03,00:22:03,"Shocked, Horrified & Dismayed By Cyclists - Newbie Questions With Sarah",9fd27da8-fd94-41be-9231-29186972228c
2023-02-02,00:57:59,"Cycling Content Creator, Podcast Host & Sports Analyst - Benji Naesen",857fba80-2a8c-43c8-b5ae-7a239ec474da
2023-02-01,00:12:25,"Watts Per Kilo Is A Myth & 6 Other Things I Wish I Knew When I Started Cycling",8d261618-767d-4e60-af5f-4d520edc0619
2023-01-31,00:34:13,"Stepping Up To The Big Time with Rory Townsend",3eabdba7-fd16-47d8-9c3a-94dd9981a8ff
2023-01-30,00:10:58,"6 Sneaky Habits That Are Slowly Ruining Your Life",7392052d-e6c6-4440-8fa1-37655f9e881c
2023-01-28,00:16:10,"This ONE Change Will Help You Become Stronger, Faster & Leaner - With Sarah",3dd293d7-aeb4-49f7-bb76-8d9f4fab0200
2023-01-27,00:23:06,"Winter Miles, Summer Smiles? - Newbie Questions With Sarah",b5fef1fa-2664-45c2-a77a-6da48fb37c7b
2023-01-26,00:48:18,"Time For The Next Chapter with Alex Howes",d214b4f8-e45d-4871-bfeb-f5224fc9d76b
2023-01-25,00:11:58,"7 Habits Of Highly Energetic People",050fbb99-ce29-4110-9d64-e834fd051ce4
2023-01-24,00:45:05,"Founders Series: Rob Gitelis - Factor Bikes",a6e602f7-e810-4283-82cf-4e3c65f1489a
2023-01-23,00:13:07,"Breaking The Hold Of Social Media & Reducing Phone Usage",ef433eb0-aaf6-4849-89ea-352afe29ccdf
2023-01-21,00:12:30,"Fear Of Failure & How To Overcome It - With Sarah",60e51c87-6aff-41f4-88e7-45f26317c123
2023-01-20,00:23:30,"Bike Handling Tips, Cycling Club Drama & More - Newbie Questions With Sarah",f00c691a-fb70-4d9d-ab0f-92d557029f5c
2023-01-19,00:46:14,"How I Lost 75 lbs, Became An Ironman & A Coach (And You Can Do It Too) - Matt Izzo",0fa82670-dd53-4575-9a54-766f365285d1
2023-01-18,00:10:50,"Six Steps To Build Unshakeable Self Esteem",ec07cc91-51b3-4cba-9c6a-c30c1c9ba92d
2023-01-17,00:47:51,"Founders Series: Changing The World Of Coaching with Jordan Kobert",11dfdc8f-a6f2-425b-9ab4-1c7a09214f4f
2023-01-16,00:09:02,"The 3-2-1 Sleep Method - Do This To Super Charge Your Recovery",aa5b892e-b4fc-49df-9428-489394790d0b
2023-01-14,00:17:13,"The Mindset Hack That Professional Cyclists Use To Win - With Sarah",a7569746-865d-4057-9a49-7302cc8dc08c
2023-01-13,00:21:43,"Need a fix of Sarah-tonin? - Newbie Questions With Sarah",a196fb95-6bf1-4789-8503-ac3c294df404
2023-01-12,00:48:23,"40% Of Women Who Are Victims Of Sex Trafficking Are American Indian With Shayna Powless, Pro Cyclist",f26deaae-16b0-4c6d-bc48-a6894a353952
2023-01-11,00:15:07,"13 Weight Loss Strategies That WORK (Some Of These Will Surprise You)",b192fbe3-1f6c-4046-88ba-eee9954f72a7
2023-01-10,00:55:55,"Dan Jones From The legendary Orica-GreenEdge’s Backstage Pass",9f9a3239-b95c-4d82-b5a7-32c1b9f4f330
2023-01-09,00:14:21,"How To Fix The Three Most Common Mechanical Problems On A Bike",c7fb3b21-7717-43d1-b331-959ec4469e48
2023-01-07,00:16:09,"The Free and Accessible Way To Boost Your Performance - With Sarah",8ba0c7e1-2fdb-4d12-87d3-26ee362f04a3
2023-01-06,00:23:04,"Is ""Roadman"" An Offensive Term? - Newbie Questions With Sarah",6cf53914-ebb7-4717-9552-0373601bbf55
2023-01-05,00:38:52,"Around The World in 80 Days with Ultra Cycling Legend - Mark Beaumont",ba6ad474-7a0f-4726-a15e-63fa20b35f2c
2023-01-04,00:14:13,"How To Improve Work / Life Balance By Mimicking The Way Top Athletes Train",613b35be-cf5f-417a-90e9-ef3034530b34
2023-01-03,00:53:43,"Founders Series: Josh Poertner, Silca (One of Cyclings Oldest Brands)",a5e769ba-6083-4f59-84d0-f819823197bd
2022-12-31,00:16:51,"World Tour Rider Profile - Primož Roglič",4d591c61-8cc9-483a-9610-4461fe6e1599
2022-12-30,00:21:42,"Romance Is Not Dead & Riding Through Deep Puddles - Newbie Questions With Sarah",54106d84-e8e5-4b06-8fd6-6cd761e2e728
2022-12-29,00:31:57,"Using Psychedelic's To Heal Trauma with Matt Zemon",ab7d863a-5a94-4f7c-95c8-1bef9d102e1a
2022-12-28,00:18:19,"How To Create A New Year Resolution You Won't Break",23164987-d13f-40aa-a77f-0b1d900c9bfb
2022-12-27,00:51:10,"Founders Series: Billion Dollar Lessons with James Louttit",ab4aa2a3-6e9b-474e-8e4f-9a76afefc280
2022-12-23,00:20:50,"How Cut Throat Is Anthony When He's Racing? - Newbie Questions With Sarah",d01692d2-032a-4f88-9422-e95402685aa1
2022-12-22,00:51:42,"The Voice Of Cycling - Ned Boulting",a67910ea-518a-400b-bf02-02e43df0090a
2022-12-21,00:12:43,"What You Didn't Know About Training the Day After Drinking Alcohol",2d87ede2-ea69-45d4-a21d-b626f95e8eea
2022-12-20,00:39:43,"Founders Series: The Training Peaks Story with Joe Friel",39ab83fb-3920-4dc6-8896-f61e9a285f0e
2022-12-19,00:11:38,"5 Skills You Need To Master On The Bike",d80901c2-ecb2-457e-8b4d-5f30c2af68da
2022-12-18,00:13:01,"The Effects Of Exercise On Brain Health & Ageing - With Sarah",cc5ab672-19c6-4825-89c6-4b10ad0b6cbd
2022-12-16,00:18:22,"Newbie Questions - World's Fastest Shoe & Sock Combination",5a441110-9693-4ae4-841e-1e075ef7aeb9
2022-12-15,00:58:45,"From Gangland To Hollywood With Richie Stephens",84ce6651-da8f-4df2-a493-000647adfa83
2022-12-14,00:09:47,"Why We Need To Think About Death",86bc7834-d59d-43c0-9b04-64051a35883b
2022-12-13,00:49:36,"Bringing Formula 1 Science To Cycling Aerodynamics With Barney Garrood, Aerosensor",3e497dd5-e2b5-449e-a571-66336df9c953
2022-12-12,00:14:13,"The MOST CHAOTIC Thing I've Ever Seen In A Bike Race - This Is Why CX Rocks",dcf604fc-1a18-42b6-accb-42d7fe23cc81
2022-12-11,00:14:29,"NEVER Quit Ever Again - With Sarah",303fd63a-34e9-4979-91c9-43b129607c6e
2022-12-09,00:25:37,"The ULTIMATE Cyclists Christmas Gift Guide - Newbie Questions With Sarah",53c863e3-5247-471c-ba20-13d07741ac83
2022-12-08,00:10:18,"Cyclocross: Everything You Need To Know About Dublin World Cup",e3a032ee-4605-4c3b-85b3-b4603fc503fe
2022-12-07,00:38:51,"Success Is Never A Straight Line With Zak Hanna",bd1c2b07-3466-4496-b664-61c3757b4e65
2022-12-06,00:57:17,"Founders Series: Building Stages Cycling With Pat Warner",13f2cec4-954b-42e0-b94b-04ffd7582bdb
2022-12-05,00:12:59,"Why You Should Design A Boring Life",d68ad832-d838-4286-8b8e-d3fe4e1a16f1
2022-12-02,00:21:05,"Marginal Gains, Everest Hacks & 8am Wake Up Calls - Newbie Questions With Saran Ann",ab6efb9a-d3ee-4d40-810b-3ba1609ef730
2022-12-01,00:44:28,"The Long Path: How Our Decisions Echo Through Time With Ari Wallach",54f7e6ce-c66d-451f-b8e2-c81c4cc173fe
2022-11-30,00:11:16,"FACT: I Now Understand The Spirit Of Gravel",ba1edd43-b2d0-4a7f-a487-f8dde100364d
2022-11-29,00:48:09,"Founders Series: Diarmuid McSweeney (Gym + Coffee)",d8b94692-bdcb-4c4c-940b-bac0ca7794b8
2022-11-28,00:14:17,"Junk Miles: Are You Wasting Your Time Training?",a5101cb1-d71c-42ad-a64d-e9df7ccecf96
2022-11-27,00:20:32,"Profiling The Biggest Team In The World - INEO Grenadiers",8bd99f30-4090-4ce9-a8ce-8f5bc9d4b60e
2022-11-25,00:20:46,"I Always Knew I'd Be Famous Someday - Newbie Questions with Sarah Ann",1dac30b2-6e41-472e-afa6-bbdf2acd7646
2022-11-24,00:40:42,"Britain's Newest Star - Fred Wright",9962f760-aa91-454a-8b6c-3c7427d0369d
2022-11-23,00:12:00,"5 Ways To Ruin Your Motivation",19673407-fc5b-4c54-839c-7585cf76ff86
2022-11-22,00:56:54,"Founders Series: Michael Brandt (HVMN Ketones)",747f93c3-a96d-4bf9-bb52-f9224c310fc8
2022-11-21,00:12:43,"How To Get The Most From Your Commute To Work",0288319d-9074-4484-8a9d-584bb742a57b
2022-11-19,00:10:27,"21 Tips That Will Give You More Speed Than A $14,879 Carbon Bike - With Sarah",88a0d1d9-6d3d-4724-a072-7475ccbe686f
2022-11-18,00:20:47,"The SRAM SCAM SHAM (People Are Getting Ripped Off) - Newbie Questions With Sarah",7935cdaf-31a9-4228-b5ce-bca8c183e1c2
2022-11-17,01:01:24,"My Struggles With Getting ""In Shape "" and Finding Balance & Fulfilment - With Siobhán O'Hagan",75c727c4-5eb2-4ad0-80f9-d7b284508cd3
2022-11-16,00:13:11,"Staying Motivated Through The Dark Winter Months",22eda425-151c-45b0-86e1-f6d29cea6f99
2022-11-14,00:15:54,"Five Ways, You Probably Didn't Know, To Stay Warm On The Bike",1d4dc287-0572-4a10-96ee-cb49319aebc5
2022-11-12,00:12:20,"Don't Make These Winter Training Mistakes (You've Been Told)",419da32d-4d4b-4154-87ee-b42f6c96207f
2022-11-11,00:17:52,"Can a Gravel Bike Moonlight as a Road Bike?- Newbie Questions With Sarah",1b962bb8-fe32-4015-a443-f52f0c1cc07c
2022-11-10,00:45:11,"From Triathlon to Pro MTB and The Becoming The Gravel Queen - Winner Of Leadville Hannah Otto",54ebdb6e-8300-468c-80ac-66c27c14ae24
2022-11-09,00:15:28,"Should You Workout Twice In The Same Day?",43ecbd31-3e1e-4459-829f-27c687449028
2022-11-07,00:07:42,"An Unexpected Lesson From Rouleur Live",d0d5c5ed-0f0c-438e-a25c-c58e4f91c42d
2022-11-04,00:22:39,"What Makes A Good Bike Rider? How Do I Get The Cycling X-Factor? - Newbie Questions",467f946b-30be-47e5-ae4b-ff675bb30d73
2022-11-03,00:53:22,"Physically Recovered But Emotionally & Mentally Finished With Pro Cycling - Tanja Erath",cc7e8480-c1ff-448a-9bbe-28ef5ef2236d
2022-11-02,00:10:18,"Why Did Aristotle Sleep On A Hard Floor?",9d3d5cdd-8e67-4e1a-bc84-c2bfb0455411
2022-11-01,00:52:27,"Hallucinations From Lack Of Sleep - How Ultra Bike Packing Pushes You To Your Limits With Sofiane Sehli",627b2f88-181b-42ba-8b22-c7d8f3a32c69
2022-10-29,00:12:51,"Sarah Is About To Pee Her Pants With Excitement - Tour de France 2023 ANNOUNCED!",f0dfde3e-9040-4318-94b3-97e1bd776558
2022-10-28,00:23:09,"The One Thing I Wish I Knew When I Started Cycling (It's Not What You Think) - Newbie Questions With Sarah",77e6f952-ef05-4626-920a-d8d89f1ca672
2022-10-27,00:56:35,"Inclusivity In Cycling - The Amani Project With Mikel Delagrange",a049fc58-a925-4bb1-8b5b-4dcba2b8a603
2022-10-26,00:11:28,"Building A Super Power - Just Show Up",f5240a9b-0876-4031-a526-a5fa6262e38c
2022-10-24,00:14:16,"Six Strange Cycling Superstitions",e5ea2e1f-9fa4-49a8-b438-48ff033242e5
2022-10-22,00:13:26,"The Gravel Cycling Grand Prix - A Series Of Incredible Twists & Turns",d2c30e40-47fa-4d6f-b37d-c8f5c0b3543f
2022-10-21,00:22:31,"My Saddle Hurts My Testicles, Is This Normal? - Newbie Questions With Sarah",69e45342-7f9b-44c6-abf9-7eadde40ae8c
2022-10-20,00:51:31,"Matt Stephens - A Masterclass In Reinvention",a257b173-2272-41fe-be85-a44205b94a10
2022-10-19,01:00:37,"Forgiveness & Re-Birth With Tyler Hamilton (Previously Unheard Audio)",e658a501-c129-43cb-a6d7-841eb7bf9fdc
2022-10-18,00:19:07,"7 Ways To Fall In Love With Indoor Training",3dbd0e4e-c257-4ece-9b19-251be7c4143f
2022-10-17,00:17:27,"Three Essential Productivity Tips To Help Fit Your Training In Around Work & Family",519b4d99-5b97-4091-933c-932eb6db67a9
2022-10-15,00:26:05,"""The Weekends Are For Cycling, Not For Farmers Markets"" - Newbie Questions With Sarah",f1e0640c-f191-4062-823b-61f7334558de
2022-10-14,00:12:25,"What Causes Foot Pain While Cycling & How To Fix It",aaddf11d-07a6-4a73-9c3c-1fee563fef1e
2022-10-13,00:54:11,"Is Monitoring Blood Sugar The Key To Next Level Performance with Dr David Lipman",e14f93d6-20c6-4163-a4e2-f0eeca62805b
2022-10-12,00:14:28,"Does Gravel Need The UCI?",01ed7497-3625-4a59-8280-ed9e2a169a97
2022-10-11,00:41:35,"Aaron Kearny - Star of Badlands and The Chamois Time Tour",68f10048-7712-481e-9b22-aa3c0a0d67a8
2022-10-10,00:19:07,"It's All About Gravel - Gravel Worlds & Lakeland Gravel Grinder.",59c0dfd6-2ad1-4259-9a1f-1e183aea8bee
2022-10-08,00:17:54,"What The Hell Is Cyclocross!?",a15a974c-912f-4db5-bde5-c23ceb5b6828
2022-10-07,00:17:46,"Sarah's First Ever Gravel Race - Newbie Questions",6b7c3e07-3967-463c-811d-65143872ff45
2022-10-06,00:13:43,"The End: My Final Gravel Race of 2022",e37683ab-569c-49ec-a7e1-8bb90c573b51
2022-10-05,00:14:42,"Best Three Lessons From 100 Self Help Books",0b0c2869-37c6-4f75-8101-49f22c2ad6d8
2022-10-04,00:12:17,"The Final Classic Of The Season - Il Lombardia",40617c0c-30a9-450a-9b7a-0ebb8f660cb3
2022-10-01,00:14:18,"The Rider Of Her Generation - Marianne Vos",485a74cb-8c5a-409d-8a23-174d77ddd50b
2022-09-30,00:20:15,"$1,000 For A Pair Of Cycling Socks - Newbie Questions With Sarah",12983845-0456-4eb0-9e89-d2e13eb96e93
2022-09-29,00:48:36,"The 2022 Badlands Winner - Lael Wilcox",c6fb3fc7-2ef8-49df-897f-61ab60070f11
2022-09-28,00:19:46,"The Three Best Things I've Learnt From 550 Podcast Episodes",8623f29b-c2a9-439d-983c-025ba103cd8a
2022-09-27,00:19:33,"I Just About Survived - The Chamois Time Tour",0fed6913-2d14-4175-944a-5473af72d632
2022-09-26,00:21:38,"Worlds: Van der Poel Arrested as Remco is Crowned King with Joe Laverick",0816dd07-1adb-4447-b6d8-e18e30907737
2022-09-22,00:12:22,"World Championships Road Race 2022 - A Preview",a825330b-5049-4df1-a596-3cf6a710cfe1
2022-09-20,00:11:32,"10 Things You Should Know Before Dating A Cyclist",c82c271b-62c3-446d-a693-bf055fefecd2
2022-09-17,00:08:58,"I Was Never A Mercedes Kind Girl Anyway - With Sarah",37535315-edf4-4ffb-bf97-8e9abe0eaedc
2022-09-16,00:17:14,"It's a FARCE! - Newbie Questions With Sarah",ce13ef47-6c36-473d-beef-10785872522d
2022-09-15,00:20:35,"Ella Harris - Smart, Witty and Fun But Underpinned By Talent & Drive",a15fc4ea-8220-455f-a838-bd1b13765dc1
2022-09-14,00:11:50,"350km in Two Days..The Chamois Time Tour Fuel...? Coke, Chocolate Milk & Beer",c99dce34-4646-4511-b18c-bb6ad59c20cb
2022-09-13,00:36:06,"Alina Jäger - Cyclist, Photographer, Videographer & Storyteller",c21320ea-caf8-4b89-bda4-ee12c92265b8
2022-09-12,00:10:16,"The Chamois Time Tour Spain - 1,600km in 10 Days",9304723c-1c60-44d8-b8d0-56192968e460
2022-09-09,00:10:03,"The UCI Relegation Rules Explained - With Sarah",e45bbac7-5ec7-4cd3-8216-adc9e5aa0210
2022-09-08,00:55:17,"Matthew Hayman - The Story Of The Under Dog",fcb2b623-2eee-4021-87f2-3f97120ad05c
2022-09-07,00:19:09,"Bad News From Badlands Gravel Race",d7471d4b-d2ce-4db2-a7e9-f3a9ad6457b3
2022-09-06,00:53:33,"Pushing The Limits Of Performance With Steve Magness",9be0e071-7e01-44e4-bcec-2f1bd0f6ac04
2022-09-05,00:37:03,"Jay Vine, Two Stage Winner The Vuelta a España - You Need To Hear This... So I Re-mastered It And Re-released It",588d9f8b-22cd-4a45-ad0d-8da5001eeac0
2022-09-03,00:19:07,"“Old Dudes In Suits Who Based Their Opinions On Belly Size” The Weird And Wonderful Rules Of Cycling",8fa8cf98-e0e7-49f1-982e-b17cec18b167
2022-09-02,00:17:01,"Magpie Attacks At The Cycling World Champs In Australia? - Newbie Questions with Sarah",d027778a-6540-4009-be49-373eea5c8aad
2022-09-01,00:15:38,"Equipment I'm Using For Badlands",6a05fdd0-ffba-45db-b0eb-c6ed6e05aa24
2022-08-30,00:40:51,"How To Win Races on Zwift with Sam Hill",af938924-bdb2-4f8a-b451-3d241e20405c
2022-08-29,00:12:03,"Remco Has A Major Problem - La Vuelta Rest Day Round-Up",16a095ed-e9b0-464b-a3f0-f43fe49ab60d
2022-08-27,00:20:24,"Wars, Terrorists, Bombs & Saddle Sores - A brief History Of La Vuelta a España",54a5cab0-4675-4b32-83fc-d5ca2ee8a360
2022-08-26,00:21:44,"What Is The Path To World Tour For Young Riders? - Newbie Questions With Sarah",bbaaad91-b3c2-4420-9a3b-d7177a5ff0e2
2022-08-25,00:41:33,"Performance Nutrition With James Bonham",705345c0-39bc-4a36-9350-2290a1c5e8f9
2022-08-24,00:12:32,"Can You Use Your Gravel Bike To Race Cyclocross?",628f6315-7b3d-4f99-b4fe-68afb004922b
2022-08-23,00:54:42,"Laying A Foundation For Healthy Living With Molly Galbraith",ba2adb7d-b4a3-4239-afe3-0db945b0209e
2022-08-22,00:29:31,"Sam Bennett is Back! Vuleta Predictions With Joe Laverick",5ecdfc7f-713e-4c4a-b3e9-6ec394e02348
2022-08-20,00:24:16,"Amphetamines, Strychnine, Testosterone, EPO and Motor Doping In Cycling",508f0bf1-88af-4fc6-887a-6f61572d0263
2022-08-19,00:22:51,"How To Spice Your Group Ride - Newbie Questions With Sarah",88ea5991-bfd0-4744-b286-663c78bea54b
2022-08-18,00:48:39,"What It Takes To Excel On Gravel With Alexey Vermeulen",78e7792f-085c-4a24-b33c-39f698736c6b
2022-08-17,00:13:35,"My Next Challenge - Europe's Hardest Ultra Race (Badlands)",684d5227-f5d5-4ad8-9f06-b14a238be2eb
2022-08-16,00:52:25,"A Love Letter To My Bike With Allison Tetrick",c7d2be2c-9fbd-41a4-8554-af57ea80c81f
2022-08-15,00:12:22,"Who Will Win This Year's Vuleta?",756e47e8-2505-4d06-8789-3b0b466b08bc
2022-08-13,00:17:43,"24 Of The Most Common Cycling Questions - With Sarah",e2675b91-6439-4ee8-a259-78e7628001ee
2022-08-12,00:22:29,"Motorist Throws a Glass Bottle at Our Group Spin! - Newbie Questions With Sarah",de748859-778f-423a-8e21-550aad21ab29
2022-08-11,00:14:41,"DISASTER! Lessons & Laughs From My First Zwift Race",6e290fbf-5555-4f22-9ee4-c42d75473340
2022-08-10,01:06:10,"Preventing Cognitive Decline with Matthew Bain",a534892e-e2a2-406a-b3aa-92ff0f246b4a
2022-08-09,00:11:34,"I'm Falling Apart - What's Inside My Head",2aaf9ce9-7c5b-49ed-b9f4-3a9fca002fd8
2022-08-08,00:43:33,"Leadout's & Fatherhood with Ryan Mullen",3259ceec-e270-4751-bf3e-2fb8bc978078
2022-08-06,00:23:38,"Latest Innovations In Cycling? - Newbie Questions With Sarah",27756d45-7bc0-43c8-80dd-c94b47b23d9f
2022-08-05,00:16:28,"38 Going On 25. Age is But A Number - With Sarah",5a28d5ec-2d2b-4473-99f7-aa6a562142a2
2022-08-04,00:39:28,"The Slow Road To Tehran With Rebecca Lowe",f21f501f-3e35-40e5-ba7e-c248c5683c4d
2022-08-03,01:00:49,"Avoiding A Life Of Regret with Colin O Brady",4231be86-4597-4e05-8e16-fabc847c1bf6
2022-08-02,00:46:39,"Fatal Conveniences With Emmy Winner, Darin Olien",bdc1c031-8b0f-44d3-8586-3dfce6924cd8
2022-07-30,00:17:11,"Sarah Leads A Group Ride And It's A Big FAIL",d169061d-564a-490d-ba76-3dcbe53b75de
2022-07-29,00:22:55,"The Complaints Are Rolling In About Sarah - Newbie Questions With Sarah",66688838-1ab5-40e4-bb4a-efe4549111e0
2022-07-28,00:33:36,"Why Zwift Backed A Women's Tour de France with Kate Veronneau",ce958650-fc5f-4d00-b57c-eec69983fd75
2022-07-27,00:22:12,"One For Your Bucket List - The RIFT",b0127f3b-7eb4-4142-b017-5ecba66998ea
2022-07-26,00:51:14,"Why Cycling Needed Le Tour de Femme Avec Zwift with Ashleigh Moolman Pasio",d3e0a79e-cef2-41f3-a97e-bb537d5c67ac
2022-07-25,00:15:41,"Booby Trapped Trails, Tour de France & The Rift",8997dda2-755d-4aed-87c1-e2b98e00b0f5
2022-07-23,00:17:12,"The Secrets To Looking More ""Pro"" On The Bike - With Sarah",feb76cd0-e0fd-4e70-9e2c-3b2559ada9e6
2022-07-22,00:27:00,"Geography Lessons, Gravel Riding & Bike Upgrades - Newbie Questions With Sarah",04575fc8-0193-497f-82da-c6bddd52f87c
2022-07-21,00:30:39,"My Quest To Climb One Million Ascent Meters with Jack Ultra Cyclist",24425017-7136-403e-9656-473402c7456c
2022-07-20,00:15:07,"It's Almost Time for The Rift, Iceland",dca96173-948c-401d-822f-354e63cadce4
2022-07-19,00:46:38,"Creating A Pathway To Happiness With Samantha Clarke",58f185bf-1924-4be5-987b-30e762a08c96
2022-07-18,00:27:17,"Tour Set For Final Week Showdown with Joe Laverick",358c1107-15e6-400d-a286-2c942ae3c3ad
2022-07-16,00:14:37,"The Perfect Training Recipe For Cyclists - With Sarah",38bfdcd7-4c48-4bdd-bdfe-b335339b2e22
2022-07-15,00:20:02,"Relationship Advice For Cyclists - Newbie Questions With Sarah",2cad0eed-343b-4681-b72d-0e4dd0b79411
2022-07-14,00:37:46,"Your New Secret Dietary Weapon, Sprouts! With Doug Evans",c718c6ac-91c9-4593-b75f-a538533d11be
2022-07-13,00:12:30,"Could Pogacar win the Tour With No Team Mates?",a67af98e-fc9a-4c72-89df-9e2124a9714b
2022-07-12,00:41:00,"One Of The Gravel Pioneers - Laura King",e859c6c7-6902-44f3-b676-a3e76ffebc49
2022-07-11,00:27:17,"Tour de France Rest Day Round-up With Joe Laverick",38fba09f-31f0-4294-98c9-0589e86c89e7
2022-07-09,00:15:02,"7 Tips For Weight Loss For Cyclists - With Sarah",5cfd14fc-1ce3-479f-a928-624a8d285775
2022-07-08,00:21:48,"Is There Still A Doping Culture In Pro Cycling - With Sarah",e4a949d6-1a0f-4d52-806b-84d41ae71795
2022-07-07,00:47:19,"How To Smash Your 10 Mile PB with Michael Hutchinson",08f8e9cf-a68e-4fba-af7c-aeecb65f46ae
2022-07-06,00:13:20,"It's All About Wout - Tour de France Show",4e51f0d9-1ccd-409f-9e35-ddd92b771b17
2022-07-05,00:53:06,"Fueling the Right Way with Orla Walsh",2f669385-5140-4cf1-a02d-4befbaf58180
2022-07-04,00:15:31,"Tour de France - Rest Day Round up",f33f9895-ee34-4674-83e8-0482353af62b
2022-07-02,00:14:13,"The Top 8 Cycling Skills You Need To Master - With Sarah",fcd0598b-cbb7-4374-abef-70b1157f2dfa
2022-07-01,00:21:14,"The Best 21 Days Of The Year! - Newbie Questions With Sarah",161fd71e-1276-434b-89d6-91ea6fe3f681
2022-06-30,00:10:55,"I've Signed - Becoming A Gravel ""Pro""",85947ebd-2ba7-48e5-aa58-3eb13aead1fa
2022-06-29,01:01:23,"From Stock Broker To Pro Cyclist in 12 Months with Alexandar Richardson",16eb126e-a4dd-48d2-904e-81a471bacc32
2022-06-28,01:06:19,"How to Get Faster As You Age with Ed Veal",df5fce3f-2781-4037-b381-fba9ceb09210
2022-06-27,00:13:22,"Tour de France Preview",c3a5a78f-2707-4d79-aed8-4a355c163270
2022-06-25,00:11:49,"Ten Pieces Of Cycling Kit You Need In Your Wardrobe - With Sarah",1ff3bc2e-a993-428d-8deb-e97040722283
2022-06-24,00:21:00,"What do Joe Biden and Track Cyclists Have In Common? - With Sarah Ann",3c45afd5-aee1-4306-ad24-08b48b0b6b1e
2022-06-23,00:51:59,"The Evolution of Coaching with Training Peaks Co- Founder Dirk Friel",4f04f83a-06b5-4ab6-a270-27d4c1dc0742
2022-06-22,00:11:29,"Five Ways To Avoid Getting Dropped Ever Again",55a876e4-05a4-4bc9-8812-0bd9d0bc401e
2022-06-21,00:45:14,"The Secret To Longevity in Cycling with Jeremiah Bishop",8f0cc449-8e28-4cf5-aa18-ec97f2d0cb66
2022-06-20,00:13:46,"A Special Breed - Men Of The Rás",da117e26-8d59-4e9c-b1c9-1986b32c5c78
2022-06-18,00:13:39,"Snot Rockets & Other Group Ride NO NOs - With Sarah",f33863f8-ec8c-4e34-a951-51d4dd5214d0
2022-06-17,00:22:38,"Aero Bars On A Gravel Bike? - Newbie Questions With Sarah",fe0068f4-9db2-406d-b523-6052f6014fde
2022-06-16,00:11:56,"Why is ""The Ras"" So Special?",cc5964f4-3285-4361-86a2-992882dd396c
2022-06-15,00:52:51,"Fat Loss Strategies with Shane Walsh",b364c057-9eb2-4f8d-8c85-6940ddb7a9c2
2022-06-14,00:13:55,"The Worst Sartorial Faux Pas You Can Make",6207b4ea-28b4-4bc0-85e0-4c5d6c6032f9
2022-06-13,00:46:41,"Bridging The Gap To World Tour with Joe Laverick",f26319ed-135a-46e9-8db5-701d2a3d68d2
2022-06-11,00:12:41,"7 Essentials I Bring On Every Spin - With Sarah",6d507e10-e74f-484e-8e55-b8eb3575787c
2022-06-10,00:22:56,"Chain Ring Tattoo Shame - With Sarah",92639886-5068-400e-8d67-9152b16f9fc8
2022-06-09,00:53:38,"Lessons Cyclists Can Learn From Ultra Running World with Zach Bitter",78b862f3-72fe-4e87-a3e4-f77319abf451
2022-06-08,00:13:42,"6 Ways To Avoid A Sore  A Ass While Cycling",4490ce29-65b1-4280-91b8-285075494aa5
2022-06-07,00:53:21,"From Dead In A Ditch To Olympic Gold with Mark Rohan",cfb83e67-b0fd-4be7-b94a-7726fa4f8efa
2022-06-04,00:11:33,"Female Specific Road Bikes... Gimmick or Gimme? - With Sarah",bba90b46-ed8f-40df-b91c-e8c72e434f1b
2022-06-03,00:19:33,"The Deadly Love Triangle That Has Rocked  The Gravel Biking World - With Sarah",ec0b3bc7-430a-4295-9bd1-bcc4e7855cd2
2022-06-02,00:54:39,"Cristiano Ronaldo's Sleep Coach - Nick Littlehales",ad018a52-4e19-4264-a822-e53bf49e4268
2022-06-01,00:13:49,"5 Ways To Avoid Illness After Your Target Event",a0b7cb33-fe2f-4173-89c3-a9844268b63d
2022-05-31,00:52:13,"One Of The Icons Of Our Sport - George Hincapie",fc294811-71e7-44b5-84a7-7692bfe1a8d7
2022-05-30,00:11:23,"Giro Round - Up & Huge Announcement",76cbe2c1-e157-4e5e-8094-6a2e4f8339d9
2022-05-28,00:12:59,"She Did It!",227d6ff8-0dae-4f99-84d6-86d48bad6357
2022-05-27,00:21:06,"Should I Buy A Gravel Bike - With Sarah",222638e5-58dd-4f6e-9a3c-093d6bc94c0c
2022-05-26,00:53:19,"Winning Cannot Be At All Costs with Cath Bishop",5a899047-884c-4f89-8770-141a6ec47907
2022-05-25,00:16:02,"Wicklow 200 - A Survival Guide",da469ecd-7117-4f3f-8f14-930cecf6860a
2022-05-24,00:48:58,"Live Well, Be Well with Sarah Ann Macklin",72cc8a28-ea10-4bc5-8bd6-8e664d1be9f4
2022-05-23,00:13:34,"Brake Checking Opponents & Homophobic Slurs - Giro Rest Day Roundup",9bfba4f5-8158-46e4-8a67-c7d5eee3da8e
2022-05-21,00:15:19,"750km Of Cycling in 5 Days - With Sarah",515eaa40-9c2a-4a06-b090-fc3393515b03
2022-05-20,00:16:11,"Head down, Ass up - With Sarah",b5149b65-9432-4e41-913f-19b959796f83
2022-05-19,00:43:14,"When Is An Athlete Ready To Train? with Sun Sachs",10d35739-b71d-4386-a4d9-f91b5dbb3106
2022-05-18,00:10:24,"History Is Made - Biniam Girmay wins Africa's First Ever Grand Tour Stage",96225595-a393-45ef-8228-3494703fffde
2022-05-17,00:53:13,"Close To Death with Imogen Cotter",9b2f5a89-28e8-483d-8a59-3633bb31aead
2022-05-16,00:12:01,"Giro d'Italia Rest Day Round-Up",7e978a48-ed08-4bb7-a728-8fe46aa10488
2022-05-14,00:12:57,"Giro d'Italia For Dummies - With Sarah",98a0c914-aef1-415f-a2be-0c2a86113856
2022-05-13,00:15:34,"Do ""Go Pros"" Have A Place On The Group Spin -  With Sarah",9e2c63be-dff6-4082-8e73-1670f22277d5
2022-05-12,00:49:08,"The Healing Power Of Adventure With Simon Parker",b647ce0c-2361-4e64-9123-f4f6a30c8b86
2022-05-11,00:36:51,"Upgrade Your Mind, Upgrade Your Life with William Lam",3cb3ed11-cd3f-49e2-8c5e-f7c08f3db905
2022-05-09,00:13:00,"Can Cycling Cause Erectile Dysfunction?",9dfc3dc3-9f40-4168-ae9c-c014ac1b32c5
2022-05-07,00:13:28,"Is Sarah In Hot Water With Her View On This Helmet?",5ad686c4-e59c-43a4-abc8-773c60d37833
2022-05-06,00:19:06,"FTP Test...The Worst 20 Minutes Of Your Life",e19af586-1593-4bce-9ec6-3cb203bd0e7f
2022-05-05,00:50:14,"Going All In For Your Dream with Ryan Anderson",42c0df75-ceeb-49c5-9f6c-35506c80466b
2022-05-04,00:19:19,"Giro d'Italia Preview",7a51ba59-e294-4389-9829-8577d1355b13
2022-05-03,00:40:20,"Clean Living & Self Growth with Mona Vand",7eaddaa1-1af6-463f-bb7a-dd9996cfce7a
2022-05-02,00:13:54,"How Good Was Sean Kelly?",382b5f63-1f4b-44dc-a9a1-e95048e5f0b3
2022-04-30,00:18:21,"Fact - Shaving Makes You More Aero",cc2f357b-6ba1-4f62-b8e0-a7bfdb1e3f2a
2022-04-29,00:20:57,"That Time I Drove My Bikes Into A Low Bridge With Sarah",59742275-7623-4b37-b263-a4b37deebedc
2022-04-27,00:12:05,"Don't Waste Your Time With Goals",26678d74-36c9-4984-b05e-8da9f1b2f2aa
2022-04-26,00:30:11,"Hannah Eden - The Work We Don't See",40a31f71-29a3-4bdc-8e33-2fbe804fa9e6
2022-04-25,00:10:58,"Top 5 Worst Pieces Of Cycling Advice",b6556be7-3d16-4204-86af-0ccaee7b520a
2022-04-23,00:09:46,"Please! No Visible Ass Cracks!",950c6bc4-b89d-471b-9dac-8f7df67532e7
2022-04-22,00:19:36,"Explosive Handlebars?? Sarah's Newbie Questions",80b5cedd-823c-4462-ada4-a351aba556a1
2022-04-21,00:36:19,"The Future Of Food With Paul Shapiro",61751978-2123-424c-9d83-1396d1621e0c
2022-04-20,00:11:04,"Bradley Wiggins Alleges Sexual Grooming",22c06e95-7458-4614-93ee-96295df99871
2022-04-19,00:52:56,"Where Is My Mind - Niall Breslin",756d2cce-7005-4357-b427-d8287d8909e2
2022-04-18,00:12:22,"The Secret To Going Uphill Fast - 3 Tips",b4c321c0-0e99-4f59-bf6c-14e6cfe7fb8a
2022-04-16,00:10:45,"Sarah's First Solo Podcast",cca4835e-72f1-4227-9302-5546301662bf
2022-04-15,00:16:49,"Why Does Nobody Wave While Out Training With Sarah",69badb6a-952a-4e89-bb83-9bd66cb239a5
2022-04-13,00:11:55,"Are Recovery Rides Beneficial?",3ea49681-74ce-43cc-b216-6d80af01e149
2022-04-12,01:23:28,"How To Break The Diet Cycle With Paul Dermody",96bf3533-0ca6-4468-a95a-4da9b6ce5958
2022-04-11,00:18:30,"Mallorca 312 Survival Guide",21027654-5198-405e-b3e4-35ea786281e6
2022-04-08,00:16:04,"Never Use The Word ""Taint"" Again with Sarah Ann",b0d88f53-ec76-4276-a689-0a759ce60c5b
2022-04-07,00:40:24,"Upgrade The Quality Of Your Life By Restructuring Your Value System With Dr DeMartini",71a3783e-186d-4c4f-acc5-98b7de65ea7c
2022-04-06,00:46:47,"Breaking The Cycle Of Overeating with Dr Glenn Livingston",0e07010d-5a22-4e2c-932c-5d2c3c92178c
2022-04-05,00:52:13,"How To Reinvent Yourself With Matt Stephens",723d8e5e-713e-4eda-a488-9dad3c9e9d56
2022-04-04,00:34:39,"Doing Everything I Can For Ukraine With Yaroslav Popovych",ad3fbdda-9346-4fb3-be82-8461efc40a58
2022-04-01,00:15:34,"""Can I Pee Myself Out Training?"" Featuring Sarah Ann",40ffa6ab-465e-4bb4-8204-161ef10bdc0d
2022-03-31,00:39:40,"The Fastest Man In The World - Ashton Lambie",859feb33-eeff-49fc-9a20-d502e319a3a3
2022-03-30,00:10:28,"Confirmed: A Tour de France Netflix Special",13f2bf16-162a-449b-bdb0-be3f428a9f82
2022-03-29,00:52:33,"Three Special Forces Lessons Applicable To Your Life With Nick Koumalatsos",0e4d109a-947f-4696-b4ce-faa2f3649e91
2022-03-28,00:46:47,"How To Create The Mind Of A Pro With Alan Heary",f31dfd35-dedd-44c5-bfad-74132e0a6985
2022-03-25,00:16:41,"""You Taught Me To Use Clip In Pedals On A Hill"" with Sarah",5c825ba6-a07d-420b-aa4b-f34f71698ed8
2022-03-24,00:48:02,"Getting Back In Touch With Your Food - Ben O'Brien",c98e77c9-b4da-4eac-8bd5-aba6e286bf2d
2022-03-23,00:05:36,"Do This - One Key Habit That Links Top Performers",43d76bc7-3c53-4c5f-b0e0-5f240cc5f679
2022-03-22,00:49:25,"What It Takes To Create A Winning Culture with Sam Bewley",a5209734-a982-4a28-9dac-613d257cff16
2022-03-21,00:59:52,"Can EVO Pro Cycling Survive With PJ Nolan",fe18a102-3638-4342-9587-fd655af3a789
2022-03-18,00:20:25,"Why Can't I Turn My Bike Upside Down With Sarah",9505c5f1-43be-4153-9117-1d7fc65b8980
2022-03-17,00:38:08,"Running From Certain Death with Ian Morgan",30a53697-212f-4165-867e-674602e83445
2022-03-16,01:42:31,"Planning The Adventure Of A Lifetime with Steve O’Shaughnessy",60ea0f80-6621-4dba-9e6d-580a9cb83c46
2022-03-15,01:02:10,"Surviving Murder & Trauma Was Just The Beginning with Chris Duffin",ed5f969a-2919-4e2d-9b7c-d835d7de1561
2022-03-14,00:16:12,"How Good Was Marco Pantani?",faa167ec-52ca-4db3-97ab-a3be44a64d87
2022-03-11,00:17:50,"Sarah Is Back With More Newbie Questions",75678ad6-f0eb-4b74-9e7f-fe7771a7422a
2022-03-10,01:21:15,"Behind The Scenes with Cyclist Magazine",47df9ab3-8c64-4404-820d-e33a73d9a573
2022-03-09,00:09:01,"Should You Train Indoors?",1e723cde-b860-46b5-aeda-380a27a976fb
2022-03-08,00:43:44,"Larry Hagner - The Dad Edge",2e41e14c-5201-49b0-825e-74ca6d394448
2022-03-07,00:10:17,"3 Ways To Upgrade Your Will Power",731505b2-d2e5-44e6-bc2a-01cf0e647068
2022-03-04,00:14:03,"Newbie Questions With Sarah",ab9b65ba-41b5-4f1f-8ef5-13d3d597c00a
2022-03-03,00:33:54,"John McQuaid - Cycle Against Suicide",509594fa-fa8d-4d82-88e7-3fdabe8b91b3
2022-03-02,00:12:59,"My Six Point ""To Do"" List For Race Week",c5f20008-c5cb-4da1-bd3d-2a814ac0eddb
2022-03-01,00:39:45,"Ian McCall - Micro dosing Psychedelics for Performance",af9bda5f-1b7d-43d4-9d84-8e61800df643
2022-02-28,00:09:28,"What We learnt On Opening Classics Weekend",d6935e5c-49b3-4a11-a19d-64a304513062
2022-02-25,00:11:44,"The Oura Ring - Worth it?",cec14746-4422-4881-b71a-df6a5fa56812
2022-02-24,00:32:00,"Tom Morrison - Simplistic Mobility Method",294b3d3e-1198-4421-b539-5cd19cd1e816
2022-02-23,00:10:29,"4 Ways To Increase Your Average Speed",8f9ce806-2149-405f-8d56-323952743335
2022-02-21,00:09:00,"How To Keep Your Hands & Feet Warm",88aa6d6f-7031-4574-9fff-21a99161ec6a
2022-02-18,00:09:38,"The Coffee Shop Rules",c123e575-f0b2-4f39-b9e3-c2b9aba4aa90
2022-02-17,00:36:38,"Eric Champ - Back From The Brink",897acede-aefd-4c13-ac54-7fc1924845c6
2022-02-16,00:08:17,"My Newest Toy - A Brompton",d4a1ed41-fd1d-4b1f-ae79-63f2abc5934e
2022-02-15,00:44:53,"One Of The Greats - André Greipel",852f5848-f744-4f3a-bec1-4b0e8b477236
2022-02-14,00:11:18,"Do This Every Day - The General's Tent",9419bb3b-89de-408f-82b9-9278913e7933
