Keyword;Position;Search Volume;Url;Traffic;Timestamp
strength training for cyclists;3;320;https://roadmancycling.com/blog/cycling-strength-training-guide;20;1787967749
weight routine for cyclists;3;260;https://roadmancycling.com/blog/cycling-strength-training-guide;16;1785937500
weight training for cyclists;4;320;https://roadmancycling.com/blog/cycling-strength-training-guide;7;1786348479
resistance training for cyclists;3;110;https://roadmancycling.com/blog/cycling-strength-training-guide;7;1785763722
weight lifting for cyclists;5;210;https://roadmancycling.com/blog/cycling-strength-training-guide;7;1785792314
strengthening exercises for cyclists;6;260;https://roadmancycling.com/blog/cycling-strength-training-guide;4;1788643668
strength training exercises for cyclists;6;210;https://roadmancycling.com/blog/cycling-strength-training-guide;3;1786822665
cycling strength training;4;140;https://roadmancycling.com/blog/cycling-strength-training-guide;3;1787841645
weight training for biking;7;260;https://roadmancycling.com/blog/cycling-strength-training-guide;2;1787493522
weight exercises for cyclists;6;110;https://roadmancycling.com/blog/cycling-strength-training-guide;2;1786796894
weight workout for cyclists;6;140;https://roadmancycling.com/blog/cycling-strength-training-guide;2;1788280282
cycling and strength training;9;260;https://roadmancycling.com/blog/cycling-strength-training-guide;1;1785760311
weight lifting cycle;11;320;https://roadmancycling.com/blog/cycling-strength-training-guide;1;1784545643
workout routine for cyclists;6;90;https://roadmancycling.com/blog/cycling-strength-training-guide;1;1787079454
weight training and cycling;8;320;https://roadmancycling.com/blog/cycling-strength-training-guide;1;1784600640
cycling weight training;6;90;https://roadmancycling.com/blog/cycling-strength-training-guide;1;1784611509
strength exercises for cyclists;7;90;https://roadmancycling.com/blog/cycling-strength-training-guide;1;1787451503
weight lifting and cycling;11;260;https://roadmancycling.com/blog/cycling-strength-training-guide;0;1787435413
cycling and strength training;33;260;https://roadmancycling.com/blog/strength-training-cyclists-complete-guide;0;1785760311
weight training for cyclists;28;320;https://roadmancycling.com/blog/strength-training-cyclists-complete-guide;0;1786348479
strength training for cyclists;28;320;https://roadmancycling.com/blog/strength-training-cyclists-complete-guide;0;1787967749
strength training for cyclists;79;320;https://roadmancycling.com/topics/cycling-strength-conditioning;0;1787967749
joe friel;56;110;https://roadmancycling.com/podcast/ep-2201-is-strength-training-essential-for-cycling-rdmn-podcast-clip;0;1785163734
weight training for biking;32;260;https://roadmancycling.com/blog/strength-training-cyclists-complete-guide;0;1787493522
bicycle weight training;12;110;https://roadmancycling.com/blog/cycling-strength-training-guide;0;1787488197
bicycle weight training;53;110;https://roadmancycling.com/topics/cycling-strength-conditioning;0;1787488197
cycling gym workout;14;90;https://roadmancycling.com/blog/cycling-strength-training-guide;0;1785424037
cyclist workout plan;33;140;https://roadmancycling.com/blog/cycling-strength-training-12-week-beginner-plan;0;1787677733
cyclist workout plan;48;140;https://roadmancycling.com/blog/cycling-strength-training-guide;0;1787677733
resistance training for cyclists;26;110;https://roadmancycling.com/blog/strength-training-cyclists-complete-guide;0;1785763722
